t(s),101 (C),102 (C),103 (C),104 (C),105 (C),106 (C),107 (C),108 (C),HTU21D_1_Temp,HTU21D_1_RH,HTU21D_2_Temp,HTU21D_2_RH
0,33.32203,33.380972,33.40405,33.46066,33.364187,33.37375,27.575931,29.168472,28.5,23.41948,27.8,26.34694
0.25,33.32203,33.386168,33.406134,33.457544,33.374571,33.345691,27.68089,29.231899,28.5,23.53412,27.7,26.56256
0.5,33.37401,33.40695,33.442601,33.50532,33.421299,33.370632,27.820143,29.250616,28.5,23.53412,27.6,26.56256
0.75,33.436386,33.445396,33.488444,33.517783,33.43376,33.38622,27.964592,29.344198,28.5,23.53412,27.6,26.67037
1,33.414554,33.450592,33.467606,33.508436,33.422338,33.384142,27.964592,29.307805,28.5,23.64876,27.6,26.56256
1.25,33.352178,33.393441,33.433223,33.51259,33.382878,33.38622,28.000964,29.266213,28.4,23.746204,27.6,26.67037
1.5,33.352178,33.379933,33.416553,33.471046,33.396378,33.384142,27.931338,29.236059,28.4,23.746204,27.5,26.67037
1.75,33.460296,33.494234,33.520743,33.546864,33.45972,33.435062,27.803516,29.191347,28.4,23.631564,27.5,26.67037
2,33.433267,33.480726,33.499905,33.534401,33.426491,33.418435,27.820143,29.039536,28.4,23.746204,27.4,26.88599
2.25,33.369851,33.420458,33.462397,33.511551,33.425453,33.408043,27.593598,28.978188,28.3,23.729008,27.4,26.88599
2.5,33.354257,33.423575,33.443642,33.508436,33.406762,33.416357,27.503187,28.912681,28.3,23.843648,27.3,26.9938
2.75,33.473811,33.512938,33.566587,33.568674,33.481526,33.445454,27.367052,28.881487,28.2,23.941092,27.3,26.88599
3,33.468613,33.49943,33.532204,33.56452,33.464912,33.453768,27.26521,28.746313,28.2,23.941092,27.3,26.9938
3.25,33.378168,33.449553,33.475941,33.530246,33.441029,33.435062,27.182074,28.643373,28.2,23.941092,27.3,26.9938
3.5,33.402079,33.442279,33.482193,33.510513,33.435837,33.428827,27.129075,28.495721,28.1,24.038536,27.3,27.10161
3.75,33.506039,33.531642,33.548874,33.617489,33.500218,33.483905,27.079194,28.557069,28.1,24.153176,27.3,27.10161
4,33.462376,33.482804,33.543665,33.587369,33.476334,33.458964,27.066723,28.486363,28.1,24.153176,27.2,27.20942
4.25,33.385445,33.440201,33.48636,33.548941,33.47945,33.455846,27.042822,28.479084,28.1,24.153176,27.2,27.20942
4.5,33.395841,33.448514,33.471774,33.532323,33.449336,33.447533,27.051135,28.432293,28.1,24.267816,27.2,27.31723
4.75,33.516435,33.552424,33.572838,33.61645,33.504371,33.484944,27.144663,28.470766,28.1,24.382456,27.2,27.42504
5,33.456138,33.484882,33.511366,33.572829,33.500218,33.482866,27.128036,28.386542,28,24.36526,27.2,27.53285
5.25,33.420792,33.473452,33.507198,33.56452,33.498141,33.474552,27.133232,28.401099,28,24.36526,27.2,27.53285
5.5,33.404158,33.467218,33.505115,33.56452,33.475296,33.454807,27.121801,28.387582,28,24.4799,27.1,27.53285
5.75,33.507078,33.56801,33.583257,33.626836,33.541754,33.50365,27.163369,28.364706,28,24.4799,27.1,27.64066
6,33.455098,33.507742,33.534288,33.605025,33.515794,33.49014,27.170643,28.323114,27.9,24.691984,27.1,27.74847
6.25,33.441584,33.491117,33.534288,33.588408,33.522024,33.49014,27.107252,28.389661,27.8,24.904068,27.1,27.74847
6.5,33.42495,33.477609,33.514492,33.590485,33.513717,33.47663,27.098938,28.323114,27.8,25.018708,27,27.85628
6.75,33.507078,33.548267,33.587425,33.633068,33.559406,33.519238,27.050096,28.233691,27.8,24.904068,27,27.96409
7,33.462376,33.504625,33.566587,33.603987,33.547984,33.510924,27.051135,28.228492,27.8,25.018708,27,28.0719
7.25,33.460296,33.509821,33.541581,33.584253,33.515794,33.497414,27.010606,28.19002,27.8,25.018708,27,28.17971
7.5,33.454059,33.505664,33.548874,33.590485,33.523062,33.489101,26.999175,28.141149,27.8,25.018708,27,28.28752
7.75,33.495643,33.53372,33.59055,33.624759,33.564598,33.535865,27.028273,28.108915,27.8,25.247988,27,28.39533
8,33.47589,33.539955,33.560335,33.627875,33.536562,33.521316,26.959686,28.067323,27.8,25.362628,26.9,28.50314
8.25,33.459257,33.517094,33.563461,33.622682,33.536562,33.507806,26.918118,28.070443,27.8,25.362628,26.9,28.61095
8.5,33.456138,33.515016,33.564503,33.593601,33.541754,33.509885,26.898373,27.992458,27.7,25.460072,26.9,28.71876
8.75,33.488366,33.530603,33.581173,33.657994,33.580174,33.551453,26.958646,28.055886,27.7,25.574712,26.9,28.71876
9,33.491484,33.542033,33.581173,33.649685,33.558368,33.52859,26.933706,27.997657,27.7,25.689352,26.9,28.82657
9.25,33.466534,33.513977,33.546791,33.620604,33.541754,33.506767,26.948254,27.989338,27.7,25.803992,26.9,28.93438
9.5,33.526831,33.576323,33.606179,33.665264,33.59575,33.567041,26.960725,28.024692,27.6,25.786796,26.8,29.04219
9.75,33.513316,33.565932,33.597844,33.656955,33.579136,33.563923,26.957607,27.955025,27.6,25.901436,26.8,29.04219
10,33.47693,33.529564,33.587425,33.652801,33.554214,33.553531,26.900451,27.916552,27.6,26.130716,26.8,29.15
10.25,33.441584,33.517094,33.548874,33.622682,33.565637,33.533786,26.891098,27.937348,27.6,26.130716,26.8,29.25781
10.5,33.525791,33.586714,33.615556,33.672534,33.597827,33.585746,26.921235,27.899916,27.6,26.245356,26.8,29.36562
10.75,33.509158,33.564893,33.610346,33.66111,33.586405,33.560806,26.962803,27.835448,27.6,26.359996,26.8,29.36562
11,33.465494,33.518133,33.578048,33.634106,33.576021,33.538982,26.909804,27.788657,27.5,26.3428,26.7,29.47343
11.25,33.542425,33.586714,33.636394,33.692268,33.596789,33.584707,26.90149,27.805294,27.5,26.45744,26.8,29.47343
11.5,33.536187,33.583597,33.632226,33.679805,33.638325,33.589903,26.856805,27.735627,27.5,26.57208,26.7,29.47343
11.75,33.489405,33.554502,33.594718,33.662148,33.559406,33.546257,26.794453,27.701314,27.5,26.57208,26.7,29.47343
12,33.492524,33.555541,33.598886,33.671496,33.599904,33.573276,26.826668,27.740826,27.5,26.57208,26.7,29.47343
12.25,33.560098,33.627239,33.636394,33.712001,33.623787,33.608609,26.848491,27.726269,27.5,26.57208,26.7,29.47343
12.5,33.546583,33.585675,33.63952,33.695384,33.604058,33.578472,26.83706,27.72107,27.5,26.57208,26.7,29.58124
12.75,33.472772,33.534759,33.585341,33.634106,33.593674,33.564962,26.840178,27.672199,27.5,26.68672,26.7,29.58124
13,33.523712,33.58048,33.623891,33.686036,33.619634,33.591982,26.834982,27.652443,27.5,26.68672,26.7,29.58124
13.25,33.556979,33.623083,33.660358,33.70577,33.634171,33.58055,26.864079,27.659722,27.4,26.784164,26.6,29.58124
13.5,33.520593,33.558658,33.637436,33.677727,33.601981,33.585746,26.815237,27.61709,27.4,26.784164,26.6,29.68905
13.75,33.458217,33.537876,33.56867,33.647608,33.591597,33.560806,26.822511,27.571339,27.4,26.784164,26.6,29.68905
14,33.572573,33.633474,33.670777,33.721349,33.654939,33.604452,26.843295,27.598374,27.4,26.784164,26.6,29.79686
14.25,33.530989,33.610613,33.657232,33.697461,33.623787,33.582629,26.83706,27.541185,27.3,26.881608,26.6,29.79686
14.5,33.457178,33.537876,33.609305,33.66838,33.610288,33.587825,26.783022,27.542224,27.3,26.996248,26.6,29.79686
14.75,33.593365,33.652177,33.69474,33.73485,33.68713,33.631471,26.845374,27.558861,27.3,26.881608,26.5,29.90467
15,33.561138,33.635552,33.669735,33.721349,33.646632,33.614844,26.757042,27.533906,27.3,26.881608,26.5,29.90467
15.25,33.481088,33.558658,33.613472,33.687075,33.60925,33.584707,26.760159,27.489195,27.3,26.996248,26.5,30.01248
15.5,33.590246,33.659451,33.679112,33.735889,33.6674,33.635628,26.820433,27.491274,27.3,26.996248,26.5,30.01248
15.75,33.593365,33.645943,33.666609,33.736928,33.6674,33.635628,26.795492,27.430966,27.3,27.110888,26.5,30.12029
16,33.50292,33.606457,33.642645,33.701615,33.658054,33.627314,26.775747,27.46216,27.2,27.208332,26.5,30.01248
16.25,33.543464,33.623083,33.657232,33.728619,33.634171,33.613805,26.773669,27.451762,27.2,27.208332,26.5,30.12029
16.5,33.578811,33.661529,33.690573,33.744198,33.689206,33.643942,26.830825,27.504792,27.2,27.208332,26.5,30.12029
16.75,33.540346,33.656334,33.641603,33.710963,33.666362,33.624197,26.841217,27.471518,27.2,27.322972,26.5,30.12029
17,33.50188,33.581519,33.632226,33.684998,33.632094,33.604452,26.79757,27.435125,27.2,27.437612,26.5,30.12029
17.25,33.604801,33.685429,33.704117,33.751468,33.696475,33.634589,26.846413,27.503752,27.2,27.437612,26.5,30.2281
17.5,33.60792,33.668803,33.704117,33.737966,33.679861,33.631471,26.826668,27.418488,27.2,27.322972,26.5,30.33591
17.75,33.52891,33.589831,33.649939,33.687075,33.64767,33.598217,26.821472,27.423687,27.2,27.437612,26.5,30.44372
18,33.512276,33.59087,33.615556,33.696422,33.625864,33.598217,26.760159,27.371697,27.2,27.437612,26.5,30.55153
18.25,33.60688,33.684389,33.706201,33.759777,33.690245,33.650177,26.812119,27.395613,27.2,27.552252,26.4,30.87496
18.5,33.585048,33.641786,33.69474,33.745236,33.66117,33.608609,26.761198,27.376896,27.2,27.666892,26.4,31.3062
18.75,33.514356,33.585675,33.655148,33.700577,33.644555,33.603413,26.753924,27.344662,27.2,27.896172,26.4,32.06087
19,33.60688,33.672959,33.697866,33.741082,33.692322,33.63251,26.756002,27.3561,27.2,28.240092,26.4,35.40298
19.25,33.603761,33.684389,33.708285,33.747314,33.686091,33.622118,26.725866,27.319707,27.1,28.796096,26.5,47.58551
19.5,33.521633,33.599183,33.645771,33.694345,33.654939,33.613805,26.722748,27.321787,27.1,29.827856,26.7,68.82408
19.75,33.499801,33.59087,33.645771,33.696422,33.651824,33.59406,26.725866,27.291633,27.1,34.986656,26.8,75.5083
20,33.600642,33.666725,33.706201,33.753545,33.691283,33.64602,26.716513,27.293712,27.2,50.594892,26.9,74.32239
20.25,33.600642,33.661529,33.69995,33.733812,33.691283,33.637706,26.689494,27.268757,27.4,70.462004,26.9,70.76466
20.5,33.532029,33.6262,33.644729,33.704731,33.650786,33.642902,26.658318,27.250041,27.5,73.68912,26.8,68.06941
20.75,33.510197,33.592949,33.631184,33.698499,33.632094,33.574315,26.647926,27.260439,27.5,71.96952,26.8,72.274
21,33.493564,33.56801,33.620766,33.656955,33.640402,33.571198,26.639612,27.225085,27.5,68.41568,26.9,79.28165
21.25,33.517474,33.610613,33.632226,33.672534,33.645594,33.576394,26.699886,27.206369,27.5,67.38392,26.8,78.85041
21.5,33.525791,33.616848,33.644729,33.678766,33.642478,33.603413,26.751846,27.249001,27.5,72.08416,26.8,76.26297
21.75,33.506039,33.597105,33.638478,33.690191,33.650786,33.58159,26.757042,27.215727,27.5,78.96256,26.7,75.5083
22,33.495643,33.578401,33.619724,33.662148,33.627941,33.556649,26.723787,27.220926,27.5,76.89904,26.6,72.59743
22.25,33.465494,33.552424,33.599927,33.65384,33.588482,33.578472,26.706121,27.198051,27.4,74.932964,26.5,76.90983
22.5,33.513316,33.612692,33.648897,33.689152,33.654939,33.595099,26.750806,27.25108,27.4,73.213364,26.6,81.54566
22.75,33.516435,33.632434,33.657232,33.677727,33.633133,33.575354,26.740414,27.179334,27.3,70.788728,26.6,83.59405
23,33.474851,33.582558,33.635352,33.667341,33.62171,33.563923,26.673906,27.132543,27.3,76.979288,26.5,80.57537
23.25,33.494603,33.572167,33.608263,33.651762,33.610288,33.561845,26.680141,27.157498,27.3,80.189208,26.5,78.63479
23.5,33.409356,33.517094,33.549916,33.606064,33.582251,33.538982,26.663514,27.115906,27.3,81.679528,26.4,75.18487
23.75,33.480049,33.581519,33.614514,33.659033,33.604058,33.585746,26.688454,27.124225,27.2,78.910972,26.4,75.18487
24,33.493564,33.604379,33.620766,33.679805,33.618595,33.572237,26.675984,27.131503,27.2,77.076732,26.4,78.95822
24.25,33.468613,33.57944,33.609305,33.650724,33.592635,33.552492,26.705082,27.117986,27.1,73.391056,26.5,82.51595
24.5,33.39792,33.51086,33.582215,33.611257,33.58952,33.535865,26.685337,27.114867,27.1,74.537456,26.5,82.08471
24.75,33.389604,33.51086,33.543665,33.594639,33.59575,33.519238,26.70716,27.123185,27.1,78.779136,26.5,80.57537
25,33.416633,33.532681,33.562419,33.591524,33.550061,33.519238,26.916039,27.228205,27.2,81.776972,26.5,79.60508
25.25,33.465494,33.581519,33.592634,33.63099,33.586405,33.551453,27.16233,27.398732,27.2,80.401292,26.5,79.06603
25.5,33.445742,33.565932,33.588467,33.650724,33.561483,33.521316,27.192466,27.399772,27.1,79.008416,26.4,77.6645
25.75,33.405198,33.513977,33.555126,33.597755,33.574982,33.507806,27.18831,27.369618,27.1,78.549856,26.4,78.41917
26,33.378168,33.509821,33.534288,33.574906,33.544869,33.496375,27.107252,27.343623,27.1,77.288816,26.4,78.41917
26.25,33.380247,33.4641,33.516575,33.589446,33.544869,33.496375,27.105174,27.331145,27.1,76.944896,26.4,80.35975
26.5,33.462376,33.56801,33.607221,33.654878,33.598866,33.52859,27.159212,27.388334,27,77.04234,26.4,81.11442
26.75,33.410396,33.503586,33.559293,33.573867,33.571867,33.515081,27.092703,27.354021,27.1,78.091296,26.5,81.11442
27,33.387524,33.495273,33.534288,33.587369,33.568752,33.50365,27.004371,27.237563,27.1,79.466976,26.4,80.25194
27.25,33.377128,33.490078,33.522827,33.565559,33.533446,33.465199,26.869275,27.19909,27.1,79.466976,26.4,80.25194
27.5,33.360495,33.484882,33.492612,33.552057,33.541754,33.460003,26.708199,27.074314,27.1,80.154816,26.4,78.09574
27.75,33.406237,33.544111,33.51345,33.600871,33.582251,33.514042,26.793414,27.137742,27.1,79.237696,26.4,77.55669
28,33.395841,33.513977,33.480109,33.587369,33.55733,33.495336,26.763277,27.089911,27.1,78.549856,26.4,79.17384
28.25,33.384406,33.472413,33.505115,33.559327,33.560445,33.480787,26.796531,27.146061,27,76.3545,26.4,80.25194
28.5,33.34594,33.472413,33.505115,33.539594,33.535523,33.462082,26.730022,27.071195,27,77.15698,26.4,80.8988
28.75,33.349059,33.458905,33.505115,33.539594,33.5376,33.442337,26.691572,27.051439,27,78.6473,26.4,79.49727
29,33.342822,33.421497,33.474899,33.538555,33.529293,33.480787,26.711317,27.049359,27.1,79.925536,26.4,77.44888
29.25,33.383366,33.524368,33.53012,33.566597,33.559406,33.47767,26.762238,27.048319,27.1,79.237696,26.4,77.77231
29.5,33.37297,33.460983,33.501989,33.556211,33.523062,33.461042,26.762238,27.091991,27,77.95946,26.4,78.20355
29.75,33.350099,33.482804,33.510324,33.533362,33.526178,33.466238,26.806923,27.114867,27,76.3545,26.4,80.79099
30,33.369851,33.469296,33.490528,33.501165,33.498141,33.422592,26.812119,27.051439,27,76.3545,26.4,81.00661
30.25,33.204555,33.39552,33.405092,33.468969,33.468027,33.394534,26.778865,27.070155,27,77.61554,26.4,80.14413
30.5,33.350099,33.445396,33.473858,33.502204,33.514755,33.43818,26.826668,27.09615,27.1,79.810896,26.4,78.41917
30.75,33.37193,33.482804,33.500947,33.525053,33.53137,33.436102,26.805884,27.102389,27.1,79.581616,26.4,77.88012
31,33.343861,33.468257,33.500947,33.521937,33.516832,33.419474,26.769512,27.063916,27.1,78.664496,26.3,77.88012
31.25,33.31995,33.459944,33.459271,33.530246,33.473219,33.416357,26.767434,27.028563,27,77.04234,26.4,78.7426
31.5,33.246139,33.389285,33.398841,33.468969,33.461797,33.42467,26.777826,27.052479,27,76.69842,26.4,80.8988
31.75,33.234703,33.386168,33.398841,33.440927,33.443106,33.436102,26.789257,27.050399,27,77.04234,26.4,80.68318
32,33.313713,33.439162,33.456145,33.502204,33.487757,33.407004,26.780943,27.103429,27,78.30338,26.4,78.85041
32.25,33.324109,33.462022,33.472816,33.493895,33.48568,33.401808,26.843295,27.090951,27,79.7937,26.3,77.12545
32.5,33.297079,33.430849,33.456145,33.474162,33.476334,33.376867,26.834982,27.075354,27,79.2205,26.3,75.07706
32.75,33.239901,33.385129,33.40926,33.439888,33.461797,33.368554,26.799649,27.069115,27,77.15698,26.3,77.77231
33,33.21703,33.363308,33.398841,33.426386,33.415069,33.357122,26.791335,26.99113,27,74.86418,26.3,80.35975
33.25,33.290842,33.432927,33.43114,33.473123,33.460758,33.368554,26.778865,27.030643,26.9,74.159144,26.4,82.19252
33.5,33.309554,33.450592,33.455103,33.479355,33.496064,33.378946,26.828746,27.026484,27,77.95946,26.4,79.49727
33.75,33.208713,33.370581,33.403008,33.439888,33.441029,33.357122,26.831864,27.059757,27,80.3669,26.3,77.55669
34,33.219109,33.365386,33.384254,33.403537,33.435837,33.315554,26.818354,27.093031,27,80.48154,26.3,77.01764
34.25,33.19208,33.340447,33.364458,33.414962,33.432722,33.340495,26.796531,27.059757,27,77.61554,26.3,77.12545
34.5,33.213911,33.363308,33.370709,33.417039,33.409877,33.325946,26.773669,27.022324,26.9,76.337304,26.3,79.28165
34.75,33.303317,33.427732,33.423846,33.464814,33.45972,33.350887,26.83706,27.048319,26.9,75.878744,26.3,81.54566
35,33.226386,33.368503,33.391548,33.456506,33.447259,33.352966,26.822511,27.054558,26.9,76.566584,26.3,80.14413
35.25,33.21599,33.359151,33.369668,33.39419,33.421299,33.319711,26.839138,27.080553,26.9,78.630104,26.3,77.55669
35.5,33.179604,33.342526,33.363416,33.383804,33.412992,33.328025,26.828746,27.053518,27,80.48154,26.3,77.23326
35.75,33.171288,33.322783,33.338411,33.367186,33.382878,33.264634,26.814198,27.025444,27,78.0741,26.3,77.77231
36,33.221188,33.344604,33.371751,33.398344,33.406762,33.29477,26.774708,27.014006,26.9,76.566584,26.3,80.03632
36.25,33.223268,33.345643,33.381128,33.404576,33.460758,33.333221,26.830825,27.029603,26.9,75.878744,26.3,80.68318
36.5,33.184802,33.324861,33.351955,33.360954,33.378725,33.303084,26.802766,27.025444,26.9,77.369064,26.3,79.38946
36.75,33.159852,33.333174,33.330075,33.327719,33.387032,33.278143,26.819394,27.014006,27,79.33514,26.3,78.41917
37,33.148416,33.309274,33.32174,33.339144,33.363149,33.281261,26.830825,27.033762,27,79.2205,26.3,77.98793
37.25,33.146337,33.320704,33.32174,33.350568,33.357957,33.261516,26.836021,27.028563,27,78.53266,26.3,78.52698
37.5,33.19208,33.338369,33.331117,33.381726,33.358995,33.296849,26.826668,27.037921,26.9,77.139784,26.3,78.95822
37.75,33.158812,33.333174,33.325908,33.409769,33.392224,33.283339,26.788218,27.019205,26.9,77.139784,26.3,78.63479
38,33.142179,33.305118,33.315489,33.348491,33.37561,33.258398,26.754963,26.971374,26.9,77.483704,26.3,80.46756
38.25,33.136981,33.313431,33.301944,33.329796,33.342381,33.238654,26.74665,26.985931,26.9,77.942264,26.3,80.35975
38.5,33.128664,33.28018,33.276938,33.30487,33.317459,33.23034,26.779904,26.996329,26.9,77.598344,26.3,79.06603
38.75,33.090199,33.242772,33.265478,33.289291,33.308114,33.208517,26.792374,27.036882,26.9,79.547224,26.3,77.23326
39,33.142179,33.298883,33.32174,33.348491,33.347573,33.262555,26.7851,27.018165,27,79.33514,26.3,76.69421
39.25,33.150496,33.295766,33.309237,33.331874,33.347573,33.235536,26.770551,26.984892,26.9,77.598344,26.3,77.88012
39.5,33.13906,33.257319,33.287357,33.303831,33.33615,33.229301,26.748728,26.973454,26.9,75.649464,26.3,79.28165
39.75,33.094357,33.27914,33.275897,33.293445,33.319536,33.20436,26.743532,26.956817,26.9,75.993384,26.3,80.35975
40,33.064209,33.271867,33.270687,33.29033,33.306037,33.20436,26.760159,26.9433,26.9,76.795864,26.3,78.85041
40.25,33.089159,33.287453,33.267561,33.270596,33.300845,33.182537,26.768473,26.973454,26.9,79.088664,26.3,77.01764
40.5,33.01015,33.219912,33.202964,33.210357,33.25204,33.149282,26.794453,26.968255,26.9,78.859384,26.3,77.01764
40.75,33.055892,33.250046,33.260268,33.26748,33.285269,33.179419,26.777826,26.972414,26.9,77.025144,26.3,77.88012
41,33.071486,33.272906,33.26131,33.278905,33.291499,33.179419,26.762238,26.973454,26.9,75.764104,26.3,78.95822
41.25,33.129704,33.249007,33.266519,33.275789,33.27177,33.184615,26.787178,26.975533,26.9,76.108024,26.3,80.03632
41.5,33.069407,33.240694,33.227969,33.259172,33.296691,33.149282,26.800688,26.998409,26.9,77.139784,26.3,79.60508
41.75,33.069407,33.232381,33.206089,33.247747,33.241656,33.137851,26.819394,26.990091,26.9,78.400824,26.3,77.98793
42,33.03614,33.165879,33.181084,33.209319,33.231272,33.134734,26.802766,26.978653,26.9,78.859384,26.3,77.98793
42.25,32.975843,33.174191,33.149827,33.179199,33.220888,33.12642,26.726905,26.975533,26.9,78.286184,26.3,79.17384
42.5,32.954011,33.147175,33.141491,33.162582,33.188698,33.093166,26.735218,26.908986,26.9,76.795864,26.3,78.95822
42.75,32.962328,33.136784,33.134198,33.166736,33.202197,33.091087,26.722748,26.907946,26.9,76.910504,26.3,79.38946
43,33.054852,33.228225,33.210257,33.233207,33.248925,33.123302,26.794453,26.983852,26.9,77.942264,26.3,79.92851
43.25,33.051734,33.211599,33.216508,33.206203,33.235426,33.128498,26.761198,26.930822,26.9,77.942264,26.3,78.85041
43.5,33.049654,33.192895,33.186293,33.197894,33.197005,33.098362,26.786139,26.944339,26.9,78.630104,26.3,77.55669
43.75,32.961288,33.125354,33.139408,33.166736,33.192851,33.090048,26.816276,26.981772,26.9,78.515464,26.3,76.90983
44,32.942576,33.121197,33.120653,33.131424,33.182467,33.081734,26.787178,26.958897,26.9,77.598344,26.3,78.7426
44.25,32.928021,33.099376,33.120653,33.13454,33.176237,33.054715,26.757042,26.919384,26.9,76.337304,26.3,80.03632
44.5,32.936338,33.116002,33.093564,33.101304,33.149238,33.031853,26.735218,26.88923,26.8,76.778668,26.3,80.35975
44.75,32.919704,33.087946,33.090438,33.096111,33.132624,32.993402,26.732101,26.911066,26.9,77.942264,26.3,79.38946
45,32.971684,33.148214,33.13524,33.124154,33.176237,33.037049,26.765355,26.94122,26.9,79.547224,26.3,77.23326
45.25,33.003912,33.17523,33.165455,33.161543,33.165853,33.056794,26.804845,26.957857,26.9,79.317944,26.2,77.12545
45.5,32.928021,33.104572,33.103983,33.116883,33.16793,33.040166,26.784061,26.963056,26.9,77.942264,26.2,78.20355
45.75,32.928021,33.084829,33.090438,33.081571,33.126394,33.028735,26.74561,26.94122,26.8,76.434748,26.3,79.49727
46,32.883318,33.087946,33.078977,33.076378,33.111856,33.006912,26.747689,26.916265,26.8,76.090828,26.3,79.92851
46.25,32.896833,33.079633,33.059181,33.068069,33.111856,33.003794,26.739375,26.921464,26.9,78.171544,26.3,79.49727
46.5,32.893714,33.091063,33.075852,33.083648,33.113933,32.981971,26.760159,26.920424,26.9,78.400824,26.3,79.38946
46.75,32.98416,33.14094,33.134198,33.127269,33.1482,33.00899,26.810041,26.956817,26.9,79.088664,26.3,79.28165
47,32.962328,33.135745,33.112318,33.110652,33.118086,33.014186,26.776786,26.938101,26.9,78.630104,26.2,77.98793
47.25,32.907229,33.093142,33.065433,33.081571,33.105626,32.98405,26.768473,26.933941,26.8,78.268988,26.2,78.20355
47.5,32.893714,33.03703,33.04772,33.050413,33.097318,32.98405,26.747689,26.929782,26.8,78.154348,26.2,78.31136
47.75,32.860447,33.042226,33.039385,33.022371,33.065128,32.959109,26.758081,26.94018,26.8,76.893308,26.2,78.41917
48,32.860447,33.023522,33.027924,33.025487,33.05059,32.947678,26.758081,26.923543,26.8,77.581148,26.2,79.06603
48.25,32.841734,33.010014,33.027924,33.008869,33.042283,32.912345,26.77263,26.934981,26.8,77.581148,26.2,78.31136
48.5,32.818863,32.993388,32.978955,32.997444,33.023592,32.900914,26.756002,26.904827,26.8,77.581148,26.2,79.06603
48.75,32.825101,32.985075,32.975829,32.972518,33.028784,32.889482,26.749767,26.918344,26.8,77.925068,26.2,79.06603
49,32.797032,32.976762,32.956033,32.959016,32.995555,32.875973,26.716513,26.876752,26.8,77.581148,26.3,79.8207
49.25,32.739854,32.930003,32.94874,32.923704,32.968557,32.870777,26.72067,26.873633,26.8,78.498268,26.3,79.06603
49.5,32.75025,32.931042,32.949782,32.94136,32.99867,32.872855,26.725866,26.930822,26.8,78.383628,26.2,77.98793
49.75,32.797032,32.995466,32.982081,32.976672,33.011131,32.894678,26.766394,26.920424,26.8,78.727548,26.2,78.20355
50,32.812626,32.989232,32.974787,32.972518,33.005939,32.911306,26.810041,26.964096,26.8,77.581148,26.2,78.95822
50.25,32.790794,32.989232,32.974787,32.942399,33.009054,32.856228,26.796531,26.975533,26.8,77.466508,26.2,78.52698
50.5,32.799111,32.962215,32.944572,32.952785,33.000747,32.839601,26.758081,26.923543,26.8,77.695788,26.2,78.31136
50.75,32.799111,32.964293,32.947698,32.930974,32.967518,32.839601,26.710278,26.88715,26.8,77.695788,26.2,78.63479
51,32.754408,32.939355,32.944572,32.93409,32.970634,32.842718,26.710278,26.875713,26.8,77.695788,26.2,78.20355
51.25,32.762725,32.922729,32.897687,32.897739,32.945712,32.817778,26.710278,26.865315,26.8,77.351868,26.2,78.7426
51.5,32.72218,32.92169,32.882058,32.887353,32.930136,32.803229,26.751846,26.896509,26.8,77.351868,26.2,78.7426
51.75,32.67228,32.86454,32.858095,32.836461,32.904176,32.789719,26.665592,26.858036,26.8,77.351868,26.2,78.41917
52,32.633814,32.84064,32.850801,32.813612,32.89483,32.781406,26.683258,26.867394,26.8,78.039708,26.2,77.88012
52.25,32.633814,32.848953,32.828921,32.819844,32.878216,32.754386,26.696768,26.859076,26.8,77.695788,26.2,78.85041
52.5,32.625498,32.815702,32.817461,32.805303,32.878216,32.734642,26.691572,26.850757,26.8,77.351868,26.2,78.63479
52.75,32.608864,32.828171,32.826838,32.776223,32.844987,32.679564,26.688454,26.83828,26.8,77.466508,26.2,78.09574
53,32.650448,32.845836,32.831005,32.781416,32.873024,32.77621,26.711317,26.856996,26.8,78.039708,26.2,78.95822
53.25,32.734656,32.897791,32.886226,32.856195,32.889638,32.786602,26.748728,26.892349,26.8,77.695788,26.2,78.95822
53.5,32.718022,32.886361,32.879975,32.828153,32.897946,32.756465,26.726905,26.88923,26.8,77.581148,26.2,80.35975
53.75,32.684755,32.884282,32.852885,32.831268,32.853294,32.716975,26.732101,26.875713,26.8,78.383628,26.3,79.38946
54,32.633814,32.815702,32.794539,32.793879,32.855371,32.716975,26.726905,26.877792,26.8,78.498268,26.2,78.41917
54.25,32.633814,32.809467,32.78412,32.78557,32.840834,32.701387,26.735218,26.902747,26.8,79.530028,26.2,78.31136
54.5,32.600547,32.782451,32.767449,32.758566,32.808643,32.69827,26.728983,26.897548,26.8,78.268988,26.2,77.12545
54.75,32.572478,32.767903,32.775785,32.730524,32.81072,32.681642,26.723787,26.897548,26.8,78.039708,26.2,78.31136
55,32.553765,32.754395,32.734109,32.727408,32.788914,32.656702,26.682219,26.844519,26.8,76.893308,26.7,87.3674
55.25,32.555844,32.76063,32.747653,32.725331,32.783722,32.631761,26.69365,26.847638,26.7,76.876112,28.4,84.24091
55.5,32.599508,32.784529,32.773701,32.77103,32.786837,32.675407,26.71963,26.858036,26.8,77.810428,27.8,72.92086
55.75,32.640052,32.828171,32.792455,32.804265,32.814874,32.670211,26.704042,26.858036,28.1,85.256296,26.9,64.18825
56,32.636933,32.838562,32.793497,32.753373,32.795144,32.65878,26.714434,26.852837,28.3,82.997888,26.4,59.55242
56.25,32.591191,32.764786,32.772659,32.7191,32.789952,32.670211,26.705082,26.861155,27.8,70.760068,26.1,67.9616
56.5,32.561042,32.742965,32.796623,32.712868,32.766069,32.630722,26.689494,26.844519,27.3,61.502888,26.1,89.09236
56.75,32.51426,32.746082,32.724731,32.691057,32.760877,32.628643,26.717552,26.863235,26.9,59.714504,26.1,91.6798
57,32.527775,32.729457,32.672636,32.660938,32.735955,32.600585,26.731062,26.858036,26.8,75.861548,25.9,84.24091
57.25,32.511142,32.712831,32.702852,32.655745,32.727648,32.60682,26.675984,26.83828,26.9,91.928344,25.6,75.72392
57.5,32.51634,32.696205,32.689307,32.652629,32.724533,32.587075,26.712356,26.841399,26.8,89.962268,25.5,71.30371
57.75,32.497627,32.676462,32.661176,32.627703,32.707918,32.573566,26.700925,26.849718,26.5,81.0834,25.6,75.72392
58,32.46436,32.63282,32.647631,32.641205,32.67469,32.550703,26.695729,26.841399,26.3,72.794928,25.7,84.77996
58.25,32.459162,32.687893,32.647631,32.605892,32.686112,32.559017,26.689494,26.8362,26.2,71.172772,25.8,86.82835
58.5,32.46436,32.650485,32.643463,32.606931,32.66119,32.520566,26.697807,26.842439,26.2,78.739012,25.9,82.51595
58.75,32.531934,32.709714,32.687223,32.642243,32.707918,32.569409,26.736258,26.855956,26.4,87.371404,25.9,79.17384
59,32.482033,32.711792,32.67472,32.639127,32.692342,32.564213,26.718591,26.893389,26.4,86.798204,25.9,76.37078
59.25,32.508023,32.670228,32.654924,32.594468,32.671574,32.54239,26.724826,26.88819,26.4,81.983324,26,76.80202
59.5,32.405102,32.65672,32.635128,32.601738,32.671574,32.517449,26.724826,26.868434,26.4,79.002684,26,76.37078
59.75,32.458122,32.645289,32.627835,32.571618,32.641461,32.522645,26.731062,26.873633,26.4,76.709884,26.1,78.7426
60,32.416538,32.620351,32.611164,32.569541,32.65496,32.495626,26.678062,26.829961,26.4,77.970924,26.1,81.00661
60.25,32.424855,32.628664,32.602829,32.558117,32.638346,32.462371,26.706121,26.83828,26.4,78.658764,26.1,81.22223
60.5,32.391588,32.593334,32.579907,32.524881,32.59681,32.459254,26.81108,26.931862,26.5,81.42732,26.1,79.92851
60.75,32.46228,32.65672,32.618458,32.557078,32.643538,32.51641,29.137849,30.229068,26.5,83.26156,26.1,77.23326
61,32.500746,32.707635,32.692433,32.599661,32.666382,32.522645,28.853108,29.473133,26.5,82.803,26,75.93954
61.25,32.48931,32.674384,32.644505,32.595506,32.636269,32.506018,27.433561,27.594214,26.5,80.62484,26,77.98793
61.5,32.421736,32.618273,32.609081,32.552924,32.610309,32.483155,27.063606,27.120066,26.5,77.30028,26,80.35975
61.75,32.401984,32.595413,32.581991,32.538383,32.605117,32.469646,26.790296,26.898588,26.4,77.856284,26,80.35975
62,32.388469,32.580865,32.585117,32.515534,32.57708,32.456136,26.628181,26.975533,26.4,80.263724,26,78.85041
62.25,32.363518,32.589178,32.571572,32.513457,32.565658,32.439509,26.646886,27.09719,26.5,82.45908,26,77.44888
62.5,32.371835,32.565279,32.551776,32.48853,32.560466,32.409372,26.390204,26.900668,26.4,80.951564,26,78.20355
62.75,32.382231,32.562161,32.554902,32.471913,32.546966,32.403137,26.20003,26.625121,26.4,80.034444,25.9,77.55669
63,32.355202,32.537223,32.5101,32.463604,32.527237,32.401058,26.100267,26.550255,26.4,78.773404,25.9,79.06603
63.25,32.338568,32.542419,32.499681,32.460488,32.543851,32.381314,26.081562,26.591847,26.4,79.690524,26,80.14413
63.5,32.325053,32.537223,32.485094,32.383632,32.483624,32.367804,26.138718,26.68023,26.4,79.002684,26,80.25194
63.75,32.321934,32.512285,32.49343,32.42206,32.50543,32.35949,26.260304,26.832041,26.4,81.066204,26,78.52698
64,32.30842,32.498776,32.46634,32.42206,32.483624,32.369882,26.271735,26.812285,26.4,81.868684,25.9,77.12545
64.25,32.28035,32.470721,32.453837,32.388825,32.459741,32.351177,26.296676,26.727021,26.4,81.410124,26,78.85041
64.5,32.22837,32.439548,32.414245,32.357667,32.449357,32.312726,26.3954,26.722862,26.4,79.231964,26,79.28165
64.75,32.291786,32.49462,32.450712,32.400249,32.478432,32.339746,26.474379,26.796688,26.3,78.985488,26,79.49727
65,32.28243,32.485268,32.47155,32.401288,32.509584,32.341824,26.547123,26.860116,26.4,81.066204,26,79.28165
65.25,32.304261,32.497737,32.476759,32.421021,32.477394,32.358451,26.582456,26.877792,26.4,80.951564,26,76.47859
65.5,32.318816,32.481112,32.465298,32.397134,32.460779,32.336628,26.624024,26.897548,26.4,81.295484,26,76.80202
65.75,32.285548,32.472799,32.443418,32.363898,32.449357,32.273237,26.6552,26.947459,26.4,79.575884,26,79.71289
66,32.277232,32.459291,32.448628,32.3774,32.419243,32.286746,26.632338,26.894429,26.4,77.741644,26.1,80.57537
66.25,32.2554,32.44786,32.426748,32.352474,32.424435,32.278433,26.635455,26.834121,26.4,79.690524,26.1,80.35975
66.5,32.252281,32.450978,32.421539,32.344165,32.405744,32.270119,26.585574,26.822683,26.4,81.868684,26.1,80.14413
66.75,32.238766,32.426039,32.410078,32.349358,32.399514,32.267002,26.57726,26.803966,26.5,81.42732,26.1,80.25194
67,32.235648,32.412531,32.385072,32.294312,32.3694,32.226473,26.547123,26.792529,26.5,79.937,26.1,80.14413
67.25,32.205499,32.39071,32.386114,32.286003,32.379784,32.223355,26.53881,26.814364,26.5,79.13452,26.2,80.14413
67.5,32.167034,32.374084,32.355899,32.281849,32.342402,32.17867,26.504516,26.795648,26.5,79.82236,26.2,79.8207
67.75,32.108816,32.335638,32.320474,32.234073,32.326826,32.195297,26.48581,26.772772,26.5,80.28092,26.4,86.2893
68,32.111935,32.313817,32.292343,32.264193,32.313326,32.184905,26.477497,26.762374,26.6,80.298116,27,91.89542
68.25,32.1005,32.307582,32.292343,32.195645,32.305019,32.173474,26.450478,26.775892,26.6,80.298116,27.3,93.08133
68.5,32.081787,32.316934,32.274631,32.22161,32.310211,32.176591,26.442164,26.758215,26.9,90.896584,27.8,90.70951
68.75,32.076589,32.290956,32.268379,32.195645,32.280098,32.138141,26.44736,26.754056,27.2,94.616652,28.1,89.09236
69,32.108816,32.324208,32.27984,32.236151,32.309173,32.15165,26.481654,26.769653,27.5,95.81464,28,91.24856
69.25,32.179509,32.369928,32.348606,32.252768,32.321634,32.192179,26.510751,26.777971,28,93.49318,27.9,92.7579
69.5,32.146242,32.353302,32.326726,32.246537,32.336171,32.180748,26.487889,26.747817,28,93.95174,27.9,93.72819
69.75,32.160796,32.35642,32.351731,32.238228,32.316442,32.142298,26.48581,26.736379,28,95.44206,27.8,94.37505
70,32.129608,32.34499,32.312139,32.222649,32.274906,32.150611,26.524261,26.797728,28,96.35918,27.9,94.80629
70.25,32.132727,32.334599,32.298594,32.197722,32.283213,32.145415,26.51283,26.774852,28,97.04702,27.9,95.23753
70.5,32.12441,32.328364,32.243374,32.186298,32.266598,32.103847,26.554398,26.806046,28.1,97.637416,27.9,95.56096
70.75,32.09946,32.314856,32.290259,32.194607,32.241677,32.112161,26.535692,26.761335,28.1,97.981336,27.9,95.77658
71,32.104658,32.306543,32.26317,32.174873,32.247907,32.08722,26.53777,26.741578,28.1,98.325256,27.6,91.35637
71.25,32.033965,32.294074,32.256918,32.148908,32.215717,32.067475,26.532574,26.770693,28.1,98.669176,27.4,88.01426
71.5,32.039163,32.245236,32.21941,32.139561,32.224024,32.07371,26.558554,26.810205,28,97.50558,27.1,83.91748
71.75,32.003817,32.202633,32.195446,32.128136,32.190795,32.04877,26.55128,26.863235,27.7,92.180552,26.9,77.23326
72,31.990302,32.202633,32.200656,32.104248,32.168989,32.04877,26.532574,26.876752,27.5,87.90448,26.6,69.14751
72.25,31.990302,32.188085,32.183985,32.081399,32.15549,32.029025,26.559594,26.899628,27.2,82.006252,26.3,60.84614
72.5,31.97055,32.174577,32.17565,32.07309,32.140952,32.018633,26.554398,26.899628,27,73.83242,26.1,53.40725
72.75,31.967431,32.17146,32.148561,32.059589,32.140952,32.012398,26.576221,26.901708,26.8,64.856108,25.9,47.58551
73,31.957035,32.149639,32.142309,32.05128,32.133683,32.018633,26.59077,26.938101,26.7,56.126272,25.7,44.02778
73.25,31.94248,32.149639,32.140226,32.029469,32.113954,31.987457,26.62922,26.973454,26.5,48.75492,25.7,42.19501
73.5,31.91753,32.152756,32.125639,32.037778,32.102531,31.973947,27.192466,27.343623,26.3,43.676368,25.7,41.0091
73.75,32.029807,32.226532,32.207949,32.105287,32.146144,32.014476,27.608146,27.608772,26.2,41.022452,25.8,40.14662
74,32.027728,32.206789,32.186069,32.088669,32.146144,32.006162,27.857554,27.7741,26.2,39.302852,25.9,39.49976
74.25,32.051638,32.236923,32.183985,32.088669,32.15549,32.006162,28.98093,29.001064,26.2,38.385732,26,38.96071
74.5,32.041242,32.211985,32.181902,32.080361,32.147182,32.00928,28.685797,28.417736,26.3,37.715088,26.2,38.52947
74.75,31.99654,32.193281,32.173566,32.061666,32.138875,31.976026,28.57772,28.194179,26.4,37.273724,26.3,38.31385
75,31.974708,32.186007,32.151686,32.04401,32.137837,31.962516,28.594347,28.154667,26.5,36.83236,26.4,38.42166
75.25,31.94456,32.143404,32.121471,32.014929,32.10357,31.945889,28.595386,28.185861,26.6,36.390996,26.4,40.57786
75.5,31.931045,32.121583,32.114178,32.023238,32.071379,31.951085,28.610974,28.174423,26.7,36.408192,26.6,58.47432
75.75,31.89258,32.118466,32.092298,31.978578,32.054765,31.934458,28.596426,28.216015,26.8,37.113228,26.9,85.96587
76,31.887382,32.10184,32.080837,31.976501,32.060995,31.915752,28.588112,28.210816,26.9,44.238104,27.1,87.90645
76.25,31.889461,32.088332,32.053748,31.968192,32.030882,31.907438,28.621366,28.222254,27.1,72.130016,27,79.06603
76.5,31.86451,32.088332,32.064167,31.951574,32.041266,31.899125,28.511211,28.169224,27.4,89.721524,26.8,71.08809
76.75,31.86451,32.061315,32.045413,31.943265,32.041266,31.874184,28.144374,27.707553,27.4,84.333444,26.6,68.82408
77,31.879065,32.041572,32.047496,31.915223,31.99973,31.876262,28.01967,27.51519,27.2,74.440012,26.5,75.40049
77.25,31.847877,32.061315,32.030826,31.918339,32.00596,31.857557,27.812869,27.332185,27,69.13218,26.6,83.80967
77.5,31.837481,32.038455,32.00582,31.91003,31.981038,31.860674,27.534363,27.197011,26.9,69.573544,26.5,84.77996
77.75,31.817728,32.021829,32.000611,31.898606,31.956117,31.835734,27.196623,27.09719,26.9,80.349704,26.3,80.68318
78,31.792778,32.013517,31.981857,31.868486,31.958194,31.835734,26.859922,26.937061,26.9,85.164584,26.1,75.61611
78.25,31.790699,32.003126,31.978731,31.840444,31.939502,31.799362,26.506594,26.746777,26.8,82.625308,26.1,74.96925
78.5,31.809412,32.006243,31.983941,31.885104,31.939502,31.74948,26.191717,26.654235,26.6,77.890676,26.1,79.28165
78.75,31.828124,32.040533,31.998527,31.898606,31.948848,31.812871,26.024406,26.613683,26.5,74.89284,26.2,83.91748
79,31.825006,32.031181,32.006862,31.90276,31.985192,31.829498,26.078444,26.678151,26.4,76.022044,26.2,84.56434
79.25,31.811491,32.005204,32.002695,31.890297,31.941579,31.821185,26.202109,26.762374,26.5,81.88588,26.2,81.54566
79.5,31.811491,31.988578,31.969354,31.862255,31.944694,31.806636,26.338244,26.848678,26.5,84.17868,26.2,76.90983
79.75,31.806293,31.985461,31.96727,31.85083,31.946771,31.793126,26.558554,26.955777,26.6,83.164116,26.2,76.90983
80,31.792778,31.971953,31.969354,31.842521,31.90835,31.793126,26.763277,27.060797,26.5,78.7906,26.3,78.52698
80.25,31.778224,32.005204,31.947474,31.837328,31.919773,31.751558,26.936823,27.140862,26.5,76.03924,26.3,80.46756
80.5,31.756392,31.958444,31.927678,31.832135,31.911466,31.751558,27.053214,27.20221,26.6,78.119956,26.3,80.79099
80.75,31.739758,31.930389,31.908924,31.7989,31.911466,31.734931,27.09686,27.210528,26.6,79.380996,26.3,80.03632
81,31.723125,31.922076,31.900589,31.815518,31.864738,31.732853,27.160251,27.242762,26.6,80.642036,26.3,78.31136
81.25,31.723125,31.927271,31.914133,31.773974,31.848123,31.713108,27.326523,27.400812,26.7,80.888512,26.3,76.37078
81.5,31.720006,31.925193,31.883918,31.785398,31.841893,31.701677,27.593598,27.709632,26.6,79.037076,26.2,76.90983
81.75,31.701293,31.883629,31.870373,31.760472,31.836701,31.726618,27.400306,27.486075,26.6,77.661396,26.2,80.25194
82,31.681541,31.872199,31.872457,31.75424,31.816971,31.694402,27.254818,27.257319,26.6,76.629636,26.3,82.73157
82.25,31.673224,31.872199,31.837033,31.730352,31.816971,31.679854,27.066723,27.138782,26.6,78.349236,26.2,80.68318
82.5,31.629561,31.846222,31.823488,31.690886,31.781666,31.644521,26.952411,27.073275,26.6,82.132356,26.1,77.98793
82.75,31.63268,31.791149,31.816195,31.715812,31.785819,31.644521,26.872393,27.123185,26.6,81.903076,26.1,77.23326
83,31.594214,31.807775,31.768267,31.684654,31.680941,31.63309,26.768473,27.106548,26.5,79.13452,26.1,78.20355
83.25,31.564066,31.772445,31.766183,31.655573,31.749475,31.636207,26.547123,26.893389,26.4,77.283084,26.1,79.17384
83.5,31.535997,31.762054,31.765142,31.638956,31.72663,31.60607,26.389165,26.800847,26.4,77.053804,26.1,80.35975
83.75,31.577581,31.722569,31.765142,31.646226,31.741168,31.608149,26.280049,26.749897,26.4,78.200204,26.1,81.43785
84,31.615006,31.809853,31.803692,31.674268,31.723515,31.63309,26.302911,26.810205,26.4,80.378364,26.1,81.11442
84.25,31.60669,31.79011,31.806818,31.665959,31.751552,31.626854,26.394361,26.885071,26.5,81.42732,26.1,77.98793
84.5,31.573422,31.804658,31.779728,31.665959,31.741168,31.601914,26.471262,26.948499,26.5,82.00052,26.1,77.01764
84.75,31.620204,31.8244,31.814111,31.679461,31.739091,31.629972,26.527378,26.999449,26.4,79.805164,26.1,77.98793
85,31.603571,31.810892,31.78077,31.659728,31.728707,31.613345,26.549202,26.955777,26.4,77.970924,26.1,79.49727
85.25,31.598373,31.802579,31.769309,31.671152,31.728707,31.585286,26.618828,26.94122,26.4,77.283084,26.1,80.79099
85.5,31.584858,31.794267,31.777644,31.659728,31.703786,31.574894,26.698846,26.99113,26.4,79.002684,26.1,79.49727
85.75,31.581739,31.785954,31.7641,31.641033,31.687171,31.58009,26.740414,27.016086,26.5,80.73948,26.1,79.28165
86,31.561987,31.769328,31.74222,31.641033,31.692363,31.55515,26.800688,27.041041,26.5,80.16628,26.1,77.6645
86.25,31.551591,31.752703,31.74222,31.616106,31.684056,31.543718,26.773669,27.027523,26.4,79.346604,26.1,78.41917
86.5,31.55367,31.752703,31.712005,31.596373,31.657058,31.533326,26.715474,27.002568,26.4,77.741644,26.1,79.38946
86.75,31.515205,31.717373,31.717214,31.585987,31.659134,31.469935,26.710278,26.969295,26.4,77.397724,26.1,79.92851
87,31.504809,31.719451,31.712005,31.571447,31.657058,31.521895,26.679102,26.914185,26.4,78.773404,26.1,79.8207
87.25,31.506888,31.689317,31.678664,31.552752,31.582293,31.508386,26.61571,26.874673,26.5,79.70772,26.1,77.88012
87.5,31.468423,31.66334,31.645323,31.585987,31.604099,31.494876,26.58973,26.926663,26.5,79.82236,26.1,77.23326
87.75,31.446591,31.665418,31.642197,31.533018,31.598907,31.469935,26.585574,26.894429,26.4,78.429484,26.1,78.31136
88,31.416443,31.646714,31.648449,31.521594,31.586446,31.455386,26.522182,26.840359,26.4,77.168444,26.1,80.35975
88.25,31.406047,31.649832,31.61094,31.492513,31.589562,31.441877,26.43385,26.796688,26.4,77.168444,26.1,81.65347
88.5,31.374859,31.607229,31.581767,31.469664,31.57087,31.42525,26.479575,26.789409,26.4,79.919804,26.1,79.92851
88.75,31.358225,31.602033,31.581767,31.437467,31.543872,31.422132,26.416184,26.800847,26.4,81.066204,26.1,77.6645
89,31.361344,31.573977,31.578641,31.456162,31.527258,31.422132,26.443203,26.814364,26.4,81.410124,26,77.44888
89.25,31.342631,31.555274,31.568222,31.439544,31.527258,31.414858,26.409949,26.811245,26.4,77.856284,26,77.55669
89.5,31.361344,31.596838,31.584893,31.446815,31.536603,31.413818,26.472301,26.818524,26.4,77.627004,26,77.88012
89.75,31.470502,31.666457,31.617192,31.510169,31.579178,31.452269,26.51283,26.829961,26.4,76.939164,26,79.38946
90,31.440354,31.658144,31.635946,31.483166,31.576062,31.440838,26.491006,26.813325,26.4,77.283084,26.1,80.57537
90.25,31.432037,31.633206,31.614066,31.453046,31.554256,31.405505,26.491006,26.774852,26.4,78.429484,26.1,80.57537
90.5,31.407086,31.61658,31.61094,31.469664,31.531411,31.400309,26.524261,26.794608,26.4,80.034444,26,78.31136
90.75,31.410205,31.594759,31.561971,31.445776,31.516874,31.400309,26.547123,26.849718,26.4,80.263724,26,76.26297
91,31.357186,31.57086,31.568222,31.440583,31.490914,31.38576,26.553358,26.863235,26.4,79.117324,26,77.98793
91.25,31.305206,31.545922,31.520295,31.414618,31.474299,31.352506,26.580378,26.843479,26.3,77.724448,26,79.49727
91.5,31.300008,31.520983,31.517169,31.386576,31.53245,31.338996,26.536731,26.794608,26.3,76.119488,26.1,80.68318
91.75,31.321839,31.537609,31.536965,31.436429,31.487798,31.355623,26.56479,26.829961,26.3,79.100128,26.1,79.17384
92,31.409166,31.60515,31.591144,31.427081,31.533488,31.390956,26.586613,26.863235,26.4,80.493004,26,79.06603
92.25,31.387334,31.591642,31.552594,31.440583,31.523104,31.382642,26.606358,26.848678,26.4,80.149084,26,77.88012
92.5,31.375898,31.558391,31.569264,31.421888,31.478453,31.352506,26.60324,26.854917,26.4,79.461244,26,77.77231
92.75,31.364463,31.558391,31.552594,31.418772,31.478453,31.344192,26.567907,26.860116,26.4,78.429484,26,77.88012
93,31.348869,31.530335,31.530714,31.407348,31.468069,31.297428,26.546084,26.78525,26.4,77.741644,26.1,79.38946
93.25,31.295849,31.527218,31.51196,31.363727,31.4608,31.310938,26.530496,26.781091,26.3,77.265888,26,79.38946
93.5,31.271938,31.480458,31.494248,31.34607,31.44107,31.314055,26.548162,26.831001,26.4,78.544124,26,79.49727
93.75,31.230354,31.454481,31.447362,31.322183,31.398496,31.305742,26.53881,26.83724,26.4,79.231964,26.1,80.35975
94,31.218919,31.439933,31.450488,31.320105,31.393304,31.272487,26.535692,26.826842,26.4,79.575884,26.1,79.06603
94.25,31.227236,31.423308,31.433817,31.311797,31.384997,31.289114,26.469183,26.760295,26.4,79.919804,26,78.41917
94.5,31.191889,31.431621,31.405686,31.305565,31.36319,31.261056,26.472301,26.746777,26.4,79.117324,26,76.80202
94.75,31.200206,31.414995,31.422356,31.283754,31.357998,31.241311,26.483732,26.746777,26.4,78.773404,26.3,85.64244
95,31.205404,31.412917,31.400477,31.280639,31.351768,31.257938,26.455674,26.788369,26.3,76.921968,27,88.01426
95.25,31.180454,31.398369,31.373387,31.248442,31.338269,31.266252,26.44736,26.746777,26.3,76.578048,27.6,84.56434
95.5,31.177335,31.390057,31.373387,31.261944,31.313347,31.214292,26.442164,26.757175,26.9,89.062344,28,80.35975
95.75,31.150305,31.36304,31.367136,31.225593,31.299848,31.21741,26.444242,26.768613,27.6,88.953436,27.5,65.05073
96,31.147186,31.36304,31.340046,31.192358,31.310232,31.200782,26.450478,26.73534,27.9,84.304784,26.9,56.42593
96.25,31.13679,31.337063,31.337963,31.208975,31.275965,31.172724,26.397478,26.692708,27.7,73.379592,26.5,51.89791
96.5,31.122236,31.326672,31.324418,31.224554,31.293618,31.184155,26.417223,26.675031,27.3,60.700408,26.3,72.92086
96.75,31.108721,31.367197,31.319208,31.200666,31.287387,31.175842,26.469183,26.747817,26.9,53.409304,26.5,93.62038
97,31.141988,31.322515,31.317125,31.21313,31.292579,31.181038,26.523222,26.794608,26.7,54.979872,26.4,91.24856
97.25,31.127434,31.348493,31.346298,31.210014,31.293618,31.174802,26.535692,26.78733,26.8,86.866988,26.1,83.48624
97.5,31.169018,31.369275,31.354633,31.208975,31.299848,31.194547,26.550241,26.805006,26.9,93.647944,25.8,74.86144
97.75,31.1108,31.34018,31.339004,31.205859,31.282195,31.188312,26.532574,26.759255,26.7,87.766912,25.7,70.33342
98,31.13887,31.331867,31.335879,31.208975,31.277003,31.163371,26.524261,26.740539,26.4,78.773404,25.6,72.38181
98.25,31.127434,31.312124,31.302538,31.186126,31.270773,31.158175,26.529457,26.790449,26.2,71.287412,25.8,82.73157
98.5,31.107682,31.312124,31.317125,31.177817,31.24689,31.147783,26.49932,26.770693,26.1,69.206696,26,89.84703
98.75,31.08585,31.298616,31.300454,31.172624,31.24689,31.144666,26.540888,26.792529,26.2,76.216932,26.1,86.82835
99,31.091048,31.301733,31.288993,31.156007,31.218853,31.122842,26.529457,26.770693,26.3,86.781008,26,80.46756
99.25,31.064018,31.29342,31.286909,31.139389,31.240659,31.072961,26.532574,26.757175,26.5,88.30572,25.9,75.5083
99.5,31.077533,31.268482,31.278574,31.139389,31.215738,31.116607,26.521143,26.729101,26.4,83.817564,26,75.07706
99.75,31.055702,31.260169,31.217102,31.117578,31.20743,31.083353,26.526339,26.743658,26.3,76.921968,26,78.20355
100,31.047385,31.251856,31.253569,31.10927,31.197046,31.083353,26.504516,26.718703,26.3,74.055968,26.1,80.35975
100.25,31.047385,31.248739,31.255652,31.100961,31.166933,31.083353,26.502438,26.693748,26.3,75.890208,26.2,82.40814
100.5,31.010999,31.226918,31.225437,31.106154,31.16901,31.066726,27.852358,28.226413,26.4,79.002684,26.2,81.33004
100.75,31.022434,31.218605,31.238982,31.097845,31.163818,31.069843,28.555897,29.389949,26.5,80.85412,26.1,80.25194
101,31.017236,31.196784,31.225437,31.073957,31.172125,31.042824,28.920656,29.632222,26.5,81.54196,26.1,77.88012
101.25,30.989167,31.207175,31.213976,31.087459,31.147203,31.036589,28.404174,28.701601,26.5,81.42732,26,77.55669
101.5,30.98085,31.193667,31.186887,31.051108,31.127474,31.00957,27.322366,27.427846,26.4,79.346604,26,78.31136
101.75,30.986048,31.177041,31.178552,31.054224,31.11709,31.019962,26.937862,27.060797,26.4,77.053804,26,79.38946
102,30.964217,31.16665,31.167091,31.032413,31.105667,31.003334,26.620906,26.870514,26.4,77.397724,26,80.57537
102.25,30.964217,31.177041,31.158756,31.037606,31.083861,30.989825,26.55128,26.955777,26.3,78.297648,26,79.8207
102.5,30.959019,31.152103,31.153546,31.032413,31.080746,30.968002,26.679102,27.182454,26.4,80.149084,26,81.33004
102.75,30.947583,31.16665,31.148337,31.020989,31.078669,30.978394,26.272774,26.88923,26.4,80.607644,26,80.14413
103,30.967336,31.158337,31.136876,31.004371,31.067246,30.959688,26.082601,26.565852,26.3,80.131888,26,79.28165
103.25,30.942385,31.146907,31.148337,30.979445,31.075554,30.97008,26.002582,26.47227,26.4,81.066204,26,79.60508
103.5,30.934068,31.138594,31.125415,30.979445,31.053747,30.943061,25.985955,26.494106,26.3,79.558688,26,79.38946
103.75,30.917435,31.108461,31.136876,30.987753,31.047517,30.939943,26.021288,26.57729,26.3,78.985488,26,79.06603
104,30.917435,31.116773,31.123331,30.952441,31.034018,30.926434,26.162619,26.748857,26.3,79.214768,26,79.92851
104.25,30.897682,31.094952,31.131666,30.996062,31.012211,30.929551,26.325774,26.867394,26.3,79.329408,26,78.85041
104.5,30.909118,31.094952,31.103535,30.952441,31.02571,30.912924,26.334087,26.790449,26.3,78.756208,26,78.09574
104.75,30.887286,31.09703,31.084781,30.944132,31.014288,30.906689,26.36942,26.687509,26.3,79.214768,26,79.28165
105,30.917435,31.088718,31.078529,30.944132,31.005981,30.90461,26.432811,26.743658,26.3,79.214768,26,82.83938
105.25,30.87897,31.072092,31.061859,30.927515,31.012211,30.893179,26.519065,26.790449,26.3,77.724448,26,83.055
105.5,30.922633,31.135477,31.101451,30.97529,31.02571,30.886944,26.567907,26.842439,26.3,80.705088,26,80.14413
105.75,30.996444,31.170807,31.15563,30.992946,31.057901,30.933708,26.627142,26.875713,26.4,82.900444,26,77.01764
106,30.966296,31.167689,31.147295,30.986715,31.049594,30.928512,26.648965,26.905867,26.4,81.639404,25.9,75.93954
106.25,30.974613,31.167689,31.147295,30.96802,31.038171,30.903571,26.607397,26.850757,26.3,78.985488,25.9,77.01764
106.5,30.957979,31.134438,31.132708,30.976329,31.044402,30.898375,26.541927,26.802927,26.3,75.890208,25.9,78.95822
106.75,30.946544,31.1095,31.107703,30.961788,31.024672,30.898375,26.500359,26.78421,26.3,76.463408,26,82.08471
107,30.921593,31.117812,31.085823,30.95348,30.997674,30.895258,26.43385,26.73118,26.3,77.151248,26,84.1331
107.25,30.924712,31.12093,31.082697,30.945171,30.983136,30.895258,26.400596,26.692708,26.3,80.246528,26,81.86909
107.5,30.924712,31.095991,31.058733,30.93063,30.97379,30.851611,26.376694,26.709345,26.4,83.359004,25.9,77.12545
107.75,30.87793,31.066897,31.067069,30.906743,30.974829,30.848494,26.361106,26.708305,26.4,83.473644,25.9,74.4302
108,30.864415,31.049232,31.060817,30.909858,30.956138,30.834984,26.372538,26.706225,26.3,79.558688,25.9,77.12545
108.25,30.849861,31.049232,31.033728,30.898434,30.939523,30.837062,26.405792,26.709345,26.3,75.202368,25.9,80.35975
108.5,30.849861,31.031567,31.005596,30.881816,30.914602,30.818357,26.399557,26.705185,26.2,75.299812,26,83.59405
108.75,30.806198,31.020137,31.020183,30.880778,30.91564,30.812122,26.414106,26.693748,26.3,78.297648,26,82.08471
109,30.836346,31.009746,31.003513,30.875585,30.910448,30.798612,26.430733,26.718703,26.3,81.622208,26,80.14413
109.25,30.817633,30.975456,30.973298,30.84962,30.870989,30.803808,26.43489,26.697907,26.3,82.195408,25.9,77.98793
109.5,30.789564,30.980651,30.958711,30.833002,30.887603,30.787181,26.413066,26.706225,26.3,80.819728,25.9,75.72392
109.75,30.797881,30.990003,30.979549,30.818462,30.890718,30.773671,26.439046,26.713504,26.3,79.100128,25.9,77.01764
110,30.77293,30.973378,30.960795,30.829886,30.868912,30.768475,26.420341,26.702066,26.3,76.463408,26,79.17384
110.25,30.794762,30.965065,30.957669,30.810153,30.885526,30.771593,26.397478,26.658394,26.3,75.660928,26,81.9769
110.5,30.776049,30.951556,30.927454,30.794574,30.866835,30.735221,26.412027,26.671912,26.3,77.724448,26,82.30033
110.75,30.764614,30.951556,30.929538,30.80496,30.847106,30.746652,26.463987,26.746777,26.3,80.705088,26,78.63479
111,30.739663,30.948439,30.915993,30.777956,30.850221,30.751848,26.455674,26.724942,26.4,82.097964,26,78.20355
111.25,30.731346,30.928696,30.914951,30.771725,30.83153,30.730025,26.441125,26.662554,26.4,80.722284,26,77.88012
111.5,30.734465,30.914149,30.906616,30.746798,30.807646,30.713398,26.396439,26.634479,26.3,77.151248,26,78.52698
111.75,30.726148,30.914149,30.895155,30.755107,30.809723,30.713398,26.401635,26.634479,26.4,78.085564,26,78.95822
112,30.712634,30.905836,30.898281,30.741605,30.791032,30.701966,26.374616,26.632399,26.4,77.512364,26,81.00661
112.25,30.699119,30.895445,30.88682,30.746798,30.799339,30.693653,26.393322,26.67919,26.4,77.741644,26.1,81.86909
112.5,30.706396,30.887132,30.878485,30.711486,30.796224,30.69677,26.432811,26.695827,26.5,79.13452,26.1,80.46756
112.75,30.690802,30.880898,30.873275,30.730181,30.77961,30.67183,26.465026,26.717663,26.5,80.73948,26,78.7426
113,30.676248,30.850764,30.856605,30.697984,30.746381,30.655202,26.424498,26.637598,26.5,80.73948,26,76.80202
113.25,30.682485,30.867389,30.853479,30.703177,30.751573,30.680143,26.346558,26.584569,26.5,78.7906,26,76.15516
113.5,30.679366,30.853881,30.845144,30.686559,30.76611,30.646889,26.333048,26.560653,26.5,76.61244,26,78.41917
113.75,30.659614,30.839334,30.84306,30.716679,30.729766,30.641693,26.346558,26.617842,26.5,75.46604,26,80.46756
114,30.657535,30.828943,30.823264,30.666826,30.724574,30.61883,26.385008,26.657355,26.5,75.69532,26.1,81.33004
114.25,30.634664,30.83206,30.818054,30.669942,30.726651,30.608438,26.401635,26.665673,26.5,78.7906,26.1,81.54566
114.5,30.651297,30.821669,30.813887,30.661633,30.737035,30.610517,26.375655,26.619922,26.5,79.937,26.1,79.28165
114.75,30.664812,30.852842,30.836809,30.669942,30.734958,30.638575,26.362146,26.601205,26.6,81.673796,26,76.26297
115,30.706396,30.885054,30.861814,30.688637,30.75988,30.61883,26.398518,26.613683,26.5,79.24916,26,76.69421
115.25,30.719911,30.87778,30.869108,30.681366,30.749496,30.637536,26.415145,26.637598,26.5,76.4978,26,78.7426
