Time,101 (C),102 (C),103 (C),104 (C),105 (C),106 (C),107 (C),108 (C),109 (C),110 (C),111 (C),112 (C),113 (C),114 (C),115 (C),Temp,%RH
0,35.957416,36.008856,35.998381,35.963686,35.905152,35.885496,35.773141,35.77952,35.76286,33.813566,34.251,34.084077,34.011835,33.811097,34.24352,34.7,92.925712
0.25,35.957416,36.000543,36.011926,35.974072,35.907229,35.885496,35.776258,35.796157,35.759743,33.157107,33.53312,32.958689,33.172889,33.359436,33.024438,34.6,93.137796
0.5,35.97301,36.011973,36.028596,35.980304,35.910344,35.882378,35.773141,35.801356,35.78156,33.788637,33.794923,33.937423,34.017027,33.922195,33.797008,34.6,93.252436
0.75,35.959495,36.011973,36.028596,36.004191,35.89373,35.875104,35.783533,35.799276,35.765976,34.230084,33.977769,34.561483,34.513334,34.29183,34.29544,34.5,93.46452
1,35.962614,36.008856,36.020261,35.993805,35.905152,35.871986,35.783533,35.804475,35.771171,34.574933,34.195938,35.05033,34.971225,34.583592,34.721184,34.5,91.9742
1.25,35.989643,36.008856,36.020261,35.977188,35.905152,35.877182,35.776258,35.787838,35.779482,34.975871,34.389173,35.5735,35.467532,34.846282,35.134467,34,75.26542
1.5,35.97093,35.997426,36.03068,35.96057,35.89996,35.875104,35.80016,35.793037,35.779482,35.273978,34.620848,36.065467,35.868316,35.086129,35.538405,33.9,79.719184
1.75,35.97301,36.014052,36.036932,35.982381,35.896845,35.888614,35.789768,35.807595,35.784677,35.670761,34.824473,36.537673,36.287789,35.35401,35.961034,34.1,82.275656
2,35.984445,36.019247,35.946286,35.99069,35.907229,35.899006,35.78665,35.804475,35.768054,35.940823,34.982385,37.122209,36.784096,35.591781,36.462581,34.4,84.161484
2.25,35.979247,36.011973,36.03068,35.968879,35.896845,35.882378,35.767945,35.804475,35.757665,36.28671,35.139259,37.575693,37.23368,35.908463,36.853019,34.8,85.605948
2.5,35.962614,35.987035,36.033806,35.96057,35.883346,35.871986,35.778337,35.807595,35.776365,36.679339,35.409373,38.099903,37.689494,36.195033,37.155194,35.2,86.477212
2.75,35.976128,36.000543,36.020261,35.963686,35.88023,35.868869,35.767945,35.790958,35.746237,36.87046,35.436385,38.499301,38.046669,36.429689,37.496827,35.6,87.233836
3,35.984445,35.997426,36.023387,35.952261,35.89373,35.868869,35.759631,35.796157,35.768054,37.063658,35.701304,38.823813,38.221104,36.830473,37.799002,36,87.76118
3.25,35.916871,35.958979,35.987962,35.937721,35.876077,35.86679,35.789768,35.816953,35.764938,37.167528,35.757405,38.978788,38.362312,36.811784,37.917379,36.5,88.30572
3.5,35.979247,36.001582,36.025471,35.976149,35.902037,35.887574,35.771062,35.83255,35.773249,37.439667,35.94129,38.990229,38.451606,36.759869,38.044064,36.9,88.374504
3.75,36.030188,36.043146,36.071314,36.022886,35.950842,35.931221,35.820944,35.852306,35.808571,37.532112,36.033752,38.812372,38.114159,36.839818,37.898688,37.4,88.345844
4,36.040584,36.048342,36.081733,36.009384,35.942534,35.904202,35.815748,35.835669,35.805455,37.131174,35.774027,38.429615,37.884694,36.834626,37.634934,37.7,88.053512
4.25,36.005237,36.034834,36.049434,35.979265,35.931112,35.895888,35.815748,35.83359,35.805455,36.859034,35.547547,37.974051,37.50883,36.450455,37.301608,38,87.64654
4.5,36.010435,36.029638,36.05256,35.989651,35.929035,35.882378,35.824062,35.835669,35.797143,36.564043,35.369895,37.492485,37.118429,36.128582,36.81979,38.3,86.207808
4.75,36.002118,36.019247,36.032764,35.984458,35.931112,35.882378,35.799121,35.820072,35.795066,36.263859,35.089392,37.0234,36.679228,36.051748,36.445966,38.3,81.966128
5,35.978208,35.999504,36.079649,35.99796,35.920728,35.889653,35.785611,35.808634,35.775327,35.901353,34.986541,36.605279,36.36047,35.773484,36.039952,38.3,75.775568
5.25,35.969891,36.003661,36.003591,35.979265,35.894768,35.901084,35.80016,35.823192,35.810649,35.62402,34.870184,36.201721,36.026137,35.576207,35.748162,38.1,69.665256
5.5,36.034346,36.048342,36.078608,36.030156,35.954995,35.935378,35.828218,35.862704,35.817921,35.494182,34.842134,36.003061,35.863124,35.52533,35.380568,37.9,63.096384
5.75,36.015633,36.055616,36.056728,36.027041,35.941496,35.930182,35.819905,35.862704,35.824155,35.400699,34.836939,35.858488,35.775907,35.406964,35.182234,37.5,55.80528
6,36.020831,36.040029,36.059853,36.00523,35.941496,35.924986,35.828218,35.843988,35.802338,35.378887,34.892001,35.875129,35.68869,35.403849,35.102277,37.2,50.250972
6.25,36.004198,36.018208,36.051518,35.988612,35.938381,35.911476,35.804317,35.840868,35.79091,35.433938,34.925246,35.872009,35.770716,35.310402,35.058664,36.8,44.794108
6.5,36.004198,36.036912,36.067147,36.010423,35.930074,35.93226,35.819905,35.83255,35.801299,35.417319,34.955374,35.967698,35.789405,35.350896,35.232077,36.5,40.73012
6.75,36.036425,36.066007,36.099446,36.045735,35.975763,35.947848,35.870826,35.891818,35.850127,35.568969,35.004202,36.147635,35.969031,35.504564,35.456371,36.3,37.715088
7,36.033306,36.077437,36.077566,36.050928,35.978878,35.947848,35.85212,35.866863,35.833505,35.65622,35.032253,36.09043,36.069746,35.542981,35.576826,36.1,35.273256
7.25,36.02499,36.052498,36.094236,36.032234,35.965379,35.923946,35.81367,35.869983,35.838699,35.708155,35.142376,36.082109,36.11647,35.703918,35.762699,35.9,33.519264
7.5,36.006277,36.047303,36.064021,36.020809,35.935266,35.93226,35.825101,35.845027,35.819999,35.858766,35.18601,36.256846,36.217185,35.804633,36.00257,35.9,32.258224
7.75,36.065534,36.091984,36.131745,36.061314,36.007954,35.963436,35.894727,35.915734,35.8761,36.042616,35.331456,36.517911,36.432113,36.029944,36.238286,35.9,31.341104
8,36.043702,36.095101,36.111948,36.076893,35.996531,35.961358,35.876022,35.899097,35.8761,36.144409,35.40314,36.766495,36.660539,36.242795,36.336934,35.9,30.653264
8.25,36.027069,36.051459,36.103613,36.055083,35.980955,35.949926,35.862512,35.88246,35.860516,36.239969,35.443657,36.993237,36.789288,36.357008,36.533192,35.9,29.506864
8.5,36.018752,36.051459,36.07444,36.039504,35.974725,35.926025,35.849002,35.874142,35.852205,36.394735,35.473785,37.040041,37.029135,36.422421,36.680645,36,28.4923
8.75,36.072811,36.115883,36.133828,36.095588,36.015222,36.003965,35.896806,35.93341,35.891683,36.618056,35.598453,37.309427,37.237834,36.580243,36.916362,36.2,27.724212
9,36.072811,36.102375,36.135912,36.073778,35.998608,35.985259,35.888492,35.914694,35.886489,36.84657,35.707538,37.4488,37.276251,36.825282,37.063814,36.3,26.824288
9.25,36.05098,36.083671,36.100487,36.070662,35.993416,35.955122,35.856277,35.916774,35.938434,36.677262,35.688837,37.573612,37.437187,36.711069,37.213344,36.5,26.17084
9.5,36.123752,36.152252,36.15675,36.114283,36.044298,35.995651,35.914472,35.88246,35.877139,36.925511,35.883112,37.641219,37.533749,36.982065,37.265264,36.7,25.402752
9.75,36.096722,36.126274,36.165085,36.127785,36.039106,36.008122,35.870826,35.957326,35.912461,37.075084,35.99843,37.810755,37.678073,36.914575,37.371181,36.9,24.634664
10,36.098801,36.121079,36.132786,36.081048,36.014184,35.989416,35.90408,35.924052,35.907267,37.091703,36.034791,37.914765,37.627196,36.897963,37.417909,37,23.96402
10.25,36.055138,36.101336,36.132786,36.102858,36.002762,35.986298,35.89057,35.921973,35.898956,37.121825,36.066997,37.955329,37.664575,36.901077,37.463598,37.2,23.310572
10.5,36.141425,36.169917,36.194259,36.144402,36.06195,36.045533,35.91655,35.968764,35.943628,37.305675,36.297633,38.005254,37.80163,36.981027,37.577822,37.3,22.639928
10.75,36.098801,36.106532,36.170295,36.128823,36.040144,36.021631,35.933178,35.964604,35.92285,37.256856,36.300749,38.044778,37.819282,37.060976,37.628704,37.4,21.969284
11,36.161177,36.122118,36.155708,36.113244,36.059874,36.001886,35.903041,35.939649,35.909345,37.290095,36.325683,38.031256,37.901307,36.992448,37.675432,37.5,21.41328
11.25,36.173652,36.197972,36.209887,36.151673,36.073373,36.061121,35.961236,35.975002,35.946745,37.428242,36.474246,38.156069,38.045631,37.141963,37.659856,37.6,20.857276
11.5,36.124791,36.151213,36.182798,36.147518,36.072334,36.037219,35.935256,35.9854,35.955056,37.49368,36.539696,38.186231,37.973988,37.138848,37.637011,37.6,20.284076
11.75,36.094643,36.140822,36.166127,36.125708,36.053643,36.014357,35.937334,35.963565,35.935317,37.611053,36.62177,38.210154,38.036286,37.128465,37.769926,37.7,19.842712
12,36.186128,36.215637,36.225515,36.191139,36.105563,36.079826,35.978902,36.028032,35.967523,37.7492,36.746438,38.27776,38.120389,37.288363,37.762658,37.7,19.269512
12.25,36.140385,36.153291,36.190091,36.159981,36.079603,36.060082,35.96955,36.019714,35.972718,37.849954,36.790071,38.346407,38.234602,37.424381,37.894534,37.7,18.925592
12.5,36.118554,36.156408,36.17863,36.14648,36.084795,36.03618,35.952922,35.984361,35.957134,37.746084,36.869028,38.37657,38.269904,37.318474,37.881035,37.8,18.598868
12.75,36.228751,36.265514,36.280736,36.20568,36.122178,36.10061,35.971628,36.017634,36.002846,38.112745,37.048757,38.365129,38.273019,37.335087,37.965146,37.8,18.254948
13,36.147662,36.182386,36.205719,36.173483,36.108678,36.067356,36.001765,36.008276,35.986223,37.780361,36.953179,38.493061,38.359198,37.415036,37.96203,37.9,17.928224
13.25,36.122712,36.190699,36.210929,36.151673,36.076488,36.065278,35.955001,36.008276,35.964406,38.042113,37.097586,38.473299,38.503521,37.470066,37.940224,37.9,17.698944
13.5,36.160138,36.205246,36.238018,36.184908,36.095179,36.089179,35.987216,36.017634,35.981029,37.949669,37.032135,38.573149,38.532594,37.550015,38.092869,38,17.37222
13.75,36.168454,36.187581,36.240102,36.202564,36.115947,36.082944,36.009039,36.04051,36.009079,37.968366,37.061224,38.677159,38.609428,37.567666,38.222669,38,17.14294
14,36.15494,36.192777,36.213013,36.185946,36.102448,36.086062,35.99553,36.023873,35.990379,38.000565,37.096547,38.732284,38.636424,37.681879,38.170749,38,16.91366
14.25,36.189246,36.244732,36.264066,36.224375,36.131523,36.118277,36.013196,36.048828,36.029857,38.234273,37.278354,38.831093,38.721564,37.698492,38.214362,38.1,16.701576
14.5,36.167415,36.213559,36.230725,36.188024,36.169944,36.096454,36.016314,36.066505,36.084919,38.378652,37.368739,38.89558,38.802552,37.590509,38.322355,38.1,16.586936
14.75,36.145583,36.196933,36.236976,36.190101,36.126331,36.090218,35.991373,36.069624,35.992457,38.281014,37.355233,38.884138,38.804628,37.737947,38.355584,38.2,16.374852
15,36.199642,36.232263,36.257814,36.226452,36.162675,36.147374,36.038137,36.058186,36.044402,38.405658,37.450812,38.982948,38.936492,37.731717,38.413734,38.2,16.260212
15.25,36.191326,36.240575,36.259898,36.208796,36.155406,36.119316,36.028784,36.071704,36.053752,38.538612,37.525613,39.042234,39.024748,37.79713,38.425157,38.3,16.162768
15.5,36.161177,36.207324,36.249479,36.165174,36.143984,36.11412,35.985138,36.043629,36.021546,38.691301,37.558857,38.921582,39.084969,37.704722,38.335854,38.3,15.933488
15.75,36.237068,36.2811,36.291155,36.243069,36.16579,36.143218,36.044372,36.074823,36.099463,38.474213,37.540157,39.061996,38.965565,37.811667,38.512382,38.3,15.818848
16,36.220434,36.288374,36.289071,36.234761,36.154368,36.146335,36.030862,36.124734,36.039207,38.554193,37.639892,38.99959,38.969718,37.844892,38.504075,38.4,15.721404
16.25,36.233949,36.228106,36.261982,36.21295,36.132562,36.118277,36.009039,36.045709,36.01739,38.382807,37.579635,39.081757,39.059012,37.834509,38.465654,38.4,15.606764
16.5,36.197563,36.268631,36.291155,36.259687,36.18552,36.15361,36.02047,36.099778,36.08388,38.616515,37.708459,39.136883,39.149344,37.977795,38.66295,38.4,15.492124
16.75,36.217316,36.260318,36.291155,36.242031,36.173059,36.164002,36.056842,36.09146,36.063102,38.626902,37.72612,39.132722,39.161803,37.932109,38.617261,38.5,15.50932
17,36.167415,36.238497,36.264066,36.242031,36.161637,36.145296,36.032941,36.069624,36.054791,38.853338,37.80196,39.10568,39.161803,37.980909,38.505114,38.5,15.39468
17.25,36.248504,36.334094,36.319286,36.276305,36.212518,36.174394,36.062038,36.099778,36.117125,38.674682,37.802999,39.130642,39.159727,38.374425,38.674373,38.5,15.28004
17.5,36.20484,36.264475,36.296365,36.254494,36.202134,36.160884,36.050607,36.087301,36.070374,38.632095,37.809232,39.181607,39.169072,38.187531,38.627645,38.5,15.1654
17.75,36.186128,36.233302,36.275527,36.235799,36.156445,36.144257,36.057882,36.086261,36.070374,38.717268,37.83936,39.204489,39.137923,38.275787,38.680603,38.6,15.067956
18,36.250583,36.277983,36.322412,36.278382,36.197981,36.184786,36.096332,36.117455,36.116086,38.73181,37.852866,39.262735,39.253174,38.262289,38.738754,38.6,14.953316
18.25,36.203801,36.253045,36.300532,36.254494,36.194866,36.184786,36.066195,36.119535,36.089074,38.819061,37.950523,39.256494,39.313395,38.022441,38.695141,38.6,14.838676
18.5,36.169494,36.231224,36.26615,36.237876,36.184482,36.156727,36.065156,36.100818,36.090113,38.839835,38.020129,39.248173,39.323778,38.076433,38.776136,38.6,14.838676
18.75,36.244345,36.298765,36.332831,36.293961,36.224979,36.197256,36.090097,36.124734,36.104658,39.034072,38.088696,39.266895,39.500289,38.247753,38.835325,38.7,14.741232
19,36.219395,36.273827,36.319286,36.283575,36.194866,36.170237,36.071391,36.129933,36.106736,38.957208,38.072074,39.266895,39.488868,38.11485,38.816634,38.7,14.741232
19.25,36.23291,36.271748,36.322412,36.282536,36.219787,36.194138,36.101528,36.138251,36.122319,39.062117,38.117786,39.401068,39.437991,38.178186,38.906974,38.7,14.626592
19.5,36.248504,36.308117,36.336999,36.282536,36.247824,36.207648,36.094254,36.159047,36.13063,38.823216,38.156225,39.440592,39.436953,38.350544,39.011853,38.7,14.626592
19.75,36.229791,36.270709,36.32137,36.270073,36.214595,36.174394,36.088018,36.128893,36.104658,39.049652,38.162458,39.431231,39.557396,38.170918,38.888283,38.7,14.511952
20,36.248504,36.296687,36.339083,36.327196,36.235363,36.223236,36.127508,36.166326,36.147253,39.182606,38.309982,39.5238,39.557396,38.418034,38.941242,38.8,14.529148
20.25,36.262018,36.294609,36.330747,36.31681,36.244709,36.214922,36.112959,36.139291,36.127514,39.013298,38.299593,39.513399,39.607234,38.409727,38.888283,38.8,14.414508
20.5,36.207959,36.250966,36.297407,36.267996,36.204211,36.206609,36.095293,36.146569,36.133747,39.101587,38.367122,39.532121,39.544936,38.575855,39.005622,38.8,14.414508
20.75,36.291127,36.35072,36.371381,36.335505,36.25717,36.213883,36.131665,36.187122,36.164914,39.096394,38.34011,39.471795,39.669532,38.569626,39.010814,38.8,14.414508
21,36.260979,36.301882,36.40368,36.315771,36.238478,36.208687,36.120234,36.156967,36.151408,39.170142,38.386861,39.532121,39.582315,38.455413,39.004584,38.9,14.317064
21.25,36.188207,36.208363,36.296365,36.275266,36.212518,36.20557,36.117116,36.171525,36.168031,39.318676,38.471012,39.542522,39.641498,38.595583,39.079349,38.9,14.317064
21.5,36.238108,36.319547,36.367214,36.342775,36.272746,36.23155,36.105685,36.175684,36.165953,39.425662,38.562435,39.571645,39.658111,38.601813,39.066888,38.9,14.317064
21.75,36.273454,36.311234,36.34846,36.320964,36.248862,36.221158,36.122312,36.170485,36.155564,39.306211,38.49179,39.571645,39.745328,38.484485,39.093886,38.9,14.202424
22,36.241226,36.275905,36.336999,36.301231,36.234325,36.234667,36.132704,36.177763,36.18777,39.390346,38.57594,39.660053,39.802435,38.739907,39.196688,38.9,14.202424
22.25,36.275533,36.338251,36.389094,36.344852,36.28313,36.253373,36.134782,36.19336,36.176342,39.313482,38.551007,39.726619,39.760903,38.639192,39.166574,38.9,14.087784
22.5,36.243306,36.307078,36.380759,36.315771,36.242632,36.23155,36.130626,36.175684,36.18777,39.305173,38.515684,39.738061,39.749481,38.643345,39.199803,38.9,14.087784
22.75,36.289048,36.374619,36.375549,36.352122,36.284168,36.25753,36.157645,36.1944,36.203353,39.512913,38.637236,39.749502,39.818009,38.645421,39.142691,39,14.10498
23,36.331672,36.342407,36.374507,36.340698,36.276899,36.24402,36.15037,36.19336,36.186731,39.470326,38.675675,39.704777,39.849158,38.758596,39.158267,39,14.10498
23.25,36.223553,36.275905,36.344292,36.30954,36.247824,36.219079,36.139978,36.174644,36.17842,39.314521,38.666325,39.767183,39.840852,38.704605,39.213302,39,14.10498
23.5,36.303602,36.355916,36.414099,36.378087,36.284168,36.294941,36.182586,36.217276,36.210626,39.485906,38.721386,39.764063,39.846043,38.910188,39.154114,39,13.99034
23.75,36.306721,36.349681,36.392219,36.347968,36.278976,36.25649,36.160762,36.189201,36.221015,39.270896,38.691258,39.771344,39.849158,38.678647,39.214341,39,13.99034
24,36.215236,36.276944,36.32137,36.306424,36.235363,36.219079,36.153488,36.19752,36.202314,39.502526,38.766059,39.775504,39.922877,38.746137,39.293259,39.1,14.007536
24.25,36.317117,36.363189,36.399513,36.385358,36.310128,36.28351,36.178429,36.231833,36.226209,39.700917,38.870988,39.83687,39.902111,38.977677,39.265222,39.1,14.007536
24.5,36.292167,36.337212,36.37034,36.345891,36.259246,36.278314,36.16388,36.208957,36.217898,39.648982,38.889688,39.855592,39.965448,38.807396,39.319219,39.1,14.007536
24.75,36.243306,36.310195,36.367214,36.322003,36.262362,36.258569,36.161802,36.225594,36.216859,39.558615,38.893844,39.852472,39.977907,38.958988,39.375293,39.1,13.892896
25,36.329592,36.356955,36.420351,36.370817,36.307013,36.287666,36.186742,36.233913,36.24387,39.544074,38.918777,39.911757,39.931184,38.933031,39.349333,39.1,13.892896
25.25,36.267216,36.329938,36.375549,36.341736,36.274822,36.265843,36.187782,36.209997,36.23452,39.581467,38.92605,39.94192,40.001788,38.927839,39.419944,39.1,13.892896
25.5,36.229791,36.26967,36.336999,36.307463,36.2634,36.20557,36.141018,36.203758,36.227248,39.647944,38.971761,39.929439,40.04955,38.90292,39.408522,39.1,13.892896
25.75,36.33479,36.374619,36.422435,36.372894,36.332973,36.298058,36.182586,36.230793,36.229326,39.589776,38.945789,39.911757,39.909379,38.983907,39.465634,39.2,13.910092
26,36.2589,36.311234,36.377633,36.352122,36.272746,36.262726,36.16388,36.228714,36.22517,39.599125,38.966567,39.951281,40.022554,38.949643,39.480171,39.2,13.910092
26.25,36.276573,36.336173,36.339083,36.369779,36.30909,36.300137,36.175311,36.229753,36.268804,39.735194,39.052796,39.973123,40.116001,39.007788,39.469787,39.2,14.024732
26.5,36.33583,36.357994,36.427644,36.38328,36.329858,36.293902,36.179468,36.219355,36.251143,39.640673,39.026823,39.998086,40.079661,39.09812,39.442789,39.2,14.024732
26.75,36.246424,36.306039,36.367214,36.327196,36.291437,36.280392,36.175311,36.231833,36.255298,39.766355,39.078768,39.982484,40.149227,39.093967,39.466672,39.2,14.024732
27,36.327513,36.359033,36.414099,36.407168,36.319474,36.285588,36.17739,36.252629,36.26361,39.535764,39.088118,39.992885,40.102503,39.096044,39.472902,39.2,14.139372
27.25,36.343107,36.380854,36.434937,36.377049,36.323627,36.299098,36.195056,36.242231,36.260493,39.706111,39.077729,39.978324,40.04332,39.045167,39.537283,39.3,14.156568
27.5,36.243306,36.311234,36.375549,36.337582,36.31532,36.280392,36.17635,36.225594,36.26361,39.587699,39.078768,40.098975,40.079661,39.085661,39.550782,39.3,14.156568
27.75,36.321276,36.340329,36.402638,36.414438,36.293514,36.284549,36.181546,36.255748,36.253221,39.561732,39.055912,39.996005,40.097312,39.134461,39.525861,39.3,14.156568
28,36.339988,36.391245,36.433895,36.398859,36.318435,36.306372,36.198174,36.269266,36.271921,39.699879,39.159802,39.983524,40.163763,39.071124,39.540398,39.3,14.041928
28.25,36.253702,36.288374,36.388052,36.364586,36.298706,36.292862,36.198174,36.241191,36.267765,39.789207,39.210708,40.015767,40.158571,39.117848,39.601664,39.3,14.041928
28.5,36.291127,36.35072,36.406806,36.37601,36.303898,36.278314,36.187782,36.252629,36.269843,39.804787,39.283431,39.988725,40.199065,38.967294,39.549744,39.3,13.927288
28.75,36.345186,36.38501,36.43077,36.404052,36.303898,36.327156,36.20233,36.263027,36.279193,39.635479,39.175386,40.007446,40.111848,39.128231,39.624509,39.3,13.927288
29,36.269296,36.303961,36.3818,36.358354,36.284168,36.294941,36.183625,36.256788,36.278154,39.888922,39.300054,40.020968,40.241635,39.138614,39.584011,39.3,14.041928
29.25,36.276573,36.326821,36.383884,36.360431,36.290398,36.291823,36.162841,36.250549,36.271921,39.774665,39.269926,40.033449,40.218793,39.369117,39.640085,39.3,14.041928
29.5,36.352464,36.378776,36.438063,36.394705,36.339203,36.315725,36.209605,36.258868,36.308282,39.74662,39.251225,40.036569,40.129499,39.405457,39.63697,39.3,14.041928
29.75,36.28489,36.324743,36.385968,36.3542,36.296629,36.304294,36.201291,36.237032,36.285426,39.743504,39.302132,40.14786,40.213601,39.374308,39.648392,39.3,14.041928
30,36.297365,36.335134,36.413057,36.380165,36.310128,36.29598,36.197134,36.258868,36.287504,39.885806,39.32291,40.142659,40.218793,39.366002,39.616202,39.3,14.041928
30.25,36.321276,36.359033,36.454733,36.392628,36.325704,36.322999,36.201291,36.260947,36.307243,39.924238,39.367582,40.168662,40.258248,39.450104,39.702389,39.3,14.041928
30.5,36.275533,36.337212,36.379717,36.378087,36.312205,36.298058,36.225193,36.257828,36.287504,39.838026,39.372777,40.131218,40.270708,39.414802,39.692005,39.4,14.059124
30.75,36.292167,36.333055,36.37034,36.362508,36.313243,36.276235,36.169076,36.251589,36.280232,39.861916,39.382127,40.14578,40.31224,39.249712,39.638008,39.4,14.059124
31,36.363899,36.399558,36.457859,36.42067,36.378662,36.33547,36.230389,36.257828,36.315555,40.007334,39.453811,40.155141,40.313278,39.316163,39.665006,39.4,14.059124
31.25,36.272414,36.345525,36.417225,36.415477,36.319474,36.313646,36.222075,36.266146,36.321788,39.957476,39.4642,40.165542,40.326776,39.446989,39.663968,39.4,14.059124
31.5,36.285929,36.326821,36.389094,36.372894,36.31532,36.298058,36.204409,36.275505,36.257376,39.926315,39.43615,40.191544,40.267593,39.456334,39.705504,39.4,14.059124
31.75,36.338949,36.38501,36.440147,36.426902,36.340242,36.343783,36.22935,36.24535,36.309321,40.00214,39.496406,40.228988,40.29978,39.266325,39.75327,39.4,13.944484
32,36.311919,36.361111,36.410974,36.377049,36.311166,36.310529,36.204409,36.303579,36.320749,39.793362,39.452772,40.24979,40.350657,39.340044,39.752232,39.4,13.944484
32.25,36.276573,36.317469,36.375549,36.370817,36.302859,36.300137,36.20233,36.253669,36.302049,39.845297,39.427838,40.186344,40.268631,39.472947,39.777154,39.5,13.96168
32.5,36.325434,36.377737,36.42556,36.393666,36.339203,36.33443,36.224154,36.308778,36.353994,40.001102,39.537962,40.25603,40.362078,39.413763,39.76677,39.5,13.96168
32.75,36.305682,36.354876,36.424518,36.384319,36.350626,36.339626,36.226232,36.277584,36.331138,39.931509,39.511989,40.292434,40.376614,39.417917,39.84465,39.5,14.07632
33,36.262018,36.351759,36.399513,36.37601,36.31532,36.322999,36.18986,36.269266,36.334255,39.972018,39.525495,40.224827,40.382844,39.390921,39.767808,39.5,14.07632
33.25,36.337909,36.336173,36.435979,36.434172,36.354779,36.355214,36.237663,36.308778,36.350877,40.014605,39.55874,40.260191,40.377653,39.554972,39.829074,39.5,13.96168
33.5,36.312959,36.370463,36.426602,36.405091,36.322589,36.346901,36.225193,36.287982,36.343605,40.056153,39.617957,40.195705,40.408802,39.61104,39.865418,39.5,13.96168
33.75,36.316078,36.342407,36.412016,36.374972,36.325704,36.319882,36.208566,36.269266,36.33841,40.00214,39.593024,40.25603,40.386997,39.509287,39.843611,39.5,13.96168
34,36.356622,36.386049,36.44744,36.421709,36.338165,36.338587,36.212722,36.295261,36.343605,39.905541,39.624191,40.343399,40.419185,39.441798,39.85711,39.5,13.96168
34.25,36.348305,36.372541,36.433895,36.407168,36.336088,36.352097,36.242859,36.295261,36.3675,39.8588,39.56809,40.367321,40.383883,39.571585,39.930837,39.5,14.07632
34.5,36.328553,36.357994,36.420351,36.398859,36.34128,36.32196,36.221036,36.265107,36.335294,39.843219,39.570168,40.362121,40.402572,39.552896,39.924606,39.5,14.07632
34.75,36.333751,36.370463,36.449524,36.412361,36.334011,36.332352,36.214801,36.293181,36.342566,39.967863,39.616918,40.445329,40.463832,39.53213,39.947451,39.5,14.3056
35,36.344147,36.388128,36.446398,36.40613,36.353741,36.340666,36.236624,36.305659,36.364383,40.120552,39.714575,40.656469,40.627883,39.642189,40.114634,39.5,14.53488
35.25,36.322315,36.381893,36.435979,36.40613,36.33505,36.340666,36.214801,36.294221,36.293738,40.33037,39.934822,40.87489,40.952871,39.644266,40.283893,39.5,14.8788
35.5,36.327513,36.372541,36.417225,36.390551,36.34128,36.33443,36.225193,36.257828,36.286465,40.255583,39.85171,41.378298,41.03282,39.929799,40.596451,39.6,15.583836
35.75,36.368058,36.467099,36.46932,36.444558,36.378662,36.363528,36.259486,36.317097,36.323866,40.363608,39.91716,41.415742,41.321467,40.064778,40.704445,39.6,17.761996
36,36.344147,36.395401,36.443273,36.430017,36.353741,36.341705,36.223114,36.326455,36.309321,40.253506,39.913005,41.340855,41.235289,40.099041,40.668101,39.7,25.918632
36.25,36.324394,36.365267,36.429728,36.399898,36.331934,36.322999,36.214801,36.348291,36.349838,40.236887,39.931705,41.226444,41.066046,40.033629,40.621373,39.8,34.648468
36.5,36.402364,36.434887,36.496409,36.451828,36.371394,36.379116,36.250134,36.3015,36.409056,40.195339,39.984689,41.116193,41.038012,40.084505,40.487419,40.1,39.973496
36.75,36.339988,36.407871,36.445356,36.426902,36.36101,36.377038,36.230389,36.333733,36.390355,39.990715,39.797687,40.911293,40.806471,39.958871,40.427192,40.2,39.188212
37,36.299444,36.380854,36.437021,36.418593,36.344395,36.276235,36.213762,36.293181,36.373733,40.022914,39.808076,40.755278,40.719253,39.847773,40.304661,40.3,38.173648
37.25,36.36182,36.390206,36.464111,36.428979,36.372432,36.330274,36.233506,36.269266,36.373733,39.870225,39.701069,40.620065,40.570777,39.8187,40.161362,40.3,36.683328
37.5,36.380533,36.406832,36.460985,36.444558,36.311166,36.379116,36.251173,36.330614,36.389316,39.8588,39.703147,40.56078,40.563508,39.781322,40.087635,40.3,35.078368
37.75,36.342068,36.415144,36.460985,36.444558,36.370355,36.332352,36.217918,36.308778,36.377889,39.798555,39.652241,40.45989,40.389074,39.732522,40.050253,40.3,33.702688
38,36.323355,36.361111,36.471404,36.417554,36.319474,36.329234,36.212722,36.292141,36.3862,39.724807,39.594062,40.377722,40.303933,39.707602,39.968219,40.2,33.456212
38.25,36.36078,36.398519,36.502661,36.445596,36.389046,36.36145,36.250134,36.327495,36.409056,39.682221,39.613802,40.374602,40.363117,39.771977,39.992102,40.1,33.439016
38.5,36.357662,36.400597,36.429728,36.454944,36.378662,36.366646,36.253251,36.324375,36.4049,39.582506,39.528612,40.347559,40.284206,39.682683,39.978603,40,33.30718
38.75,36.365978,36.37358,36.446398,36.424824,36.348549,36.351058,36.233506,36.321256,36.393472,39.686376,39.585751,40.339238,40.281091,39.603772,39.910069,39.9,32.602144
39,36.333751,36.326821,36.401597,36.397821,36.339203,36.344822,36.223114,36.325415,36.400744,39.687414,39.609646,40.338198,40.351695,39.759517,40.00041,39.9,32.487504
39.25,36.403404,36.427613,36.489116,36.453905,36.391123,36.398861,36.25533,36.339972,36.425678,39.658331,39.59614,40.387083,40.346504,39.798973,40.024293,39.8,32.011748
39.5,36.378454,36.386049,36.480781,36.440403,36.379701,36.368724,36.24182,36.318136,36.415289,39.70715,39.611724,40.393324,40.383883,39.809356,40.009755,39.8,32.814228
39.75,36.359741,36.407871,36.445356,36.437288,36.355818,36.346901,36.247016,36.328534,36.398667,39.755968,39.620035,40.45885,40.447219,39.829083,40.051291,39.7,32.338472
40,36.321276,36.383971,36.442231,36.421709,36.352702,36.358332,36.242859,36.345171,36.388278,39.821407,39.712497,40.55974,40.540666,39.978599,40.137478,39.7,32.338472
40.25,36.378454,36.448395,36.501619,36.469484,36.376586,36.384312,36.257408,36.369087,36.419445,39.880612,39.69068,40.613825,40.585313,40.046088,40.206013,39.7,31.192072
40.5,36.380533,36.39644,36.471404,36.467407,36.371394,36.357293,36.245977,36.330614,36.417367,39.915928,39.764442,40.619025,40.585313,39.765747,40.202898,39.7,32.567752
40.75,36.321276,36.367346,36.417225,36.432095,36.352702,36.352097,36.238702,36.338932,36.406978,39.935664,39.734314,40.606544,40.61127,39.972369,40.219512,39.8,32.814228
41,36.415879,36.453591,36.501619,36.471561,36.403584,36.391586,36.275074,36.379485,36.435028,39.934625,39.839243,40.694953,40.595696,39.952641,40.265202,39.8,32.699588
41.25,36.402364,36.42034,36.495368,36.47987,36.359971,36.391586,36.244938,36.359728,36.426717,39.951244,39.80392,40.718875,40.677721,40.073084,40.310891,39.9,32.487504
41.5,36.38781,36.401636,36.479739,36.47987,36.381778,36.381194,36.22935,36.362848,36.435028,39.88269,39.765481,40.694953,40.649687,39.99625,40.223666,39.9,30.882544
41.75,36.296325,36.366307,36.444314,36.417554,36.364125,36.362489,36.250134,36.34933,36.412172,39.887883,39.796648,40.694953,40.604002,39.848811,40.224704,39.9,31.685024
42,36.33687,36.398519,36.446398,36.42794,36.365163,36.351058,36.257408,36.359728,36.43295,39.912812,39.834048,40.577421,40.573891,40.025322,40.223666,39.9,33.060704
42.25,36.409642,36.439044,36.492242,36.476754,36.377624,36.383273,36.252212,36.359728,36.448534,39.961631,39.836126,40.603424,40.554164,39.968216,40.173822,40,33.0779
42.5,36.393008,36.395401,36.47453,36.459098,36.369317,36.380155,36.247016,36.334773,36.438145,39.872303,39.761325,40.554539,40.499134,39.877884,40.13644,40,31.81686
42.75,36.328553,36.354876,36.424518,36.416516,36.354779,36.380155,36.24182,36.348291,36.424639,39.893077,39.758209,40.5691,40.548972,40.011824,40.139555,40,30.89974
43,36.427315,36.45463,36.526625,36.505835,36.41293,36.420684,36.287545,36.385723,36.466195,39.913851,39.77587,40.575341,40.539628,39.961986,40.200821,39.9,30.882544
43.25,36.422117,36.4432,36.510996,36.489218,36.44512,36.38743,36.25429,36.377405,36.455806,39.897232,39.769637,40.553499,40.498096,39.907994,40.143709,39.9,30.997184
43.5,36.416919,36.399558,36.530792,36.488179,36.384893,36.379116,36.249094,36.331654,36.445417,39.825561,39.724964,40.56182,40.462793,39.814547,40.100096,39.9,30.997184
43.75,36.324394,36.361111,36.444314,36.432095,36.358933,36.37392,36.251173,36.35141,36.437106,39.90658,39.808076,40.590943,40.5199,39.932913,40.138517,39.9,31.226464
44,36.427315,36.456708,36.520373,36.501681,36.42539,36.422762,36.2678,36.387803,36.479701,39.885806,39.796648,40.604464,40.577006,39.980675,40.20809,39.9,31.111824
44.25,36.427315,36.456708,36.496409,36.491295,36.38697,36.419645,36.2678,36.374286,36.468273,39.989676,39.823659,40.604464,40.571815,39.876845,40.132286,39.9,31.226464
44.5,36.375335,36.388128,36.46932,36.4726,36.381778,36.384312,36.243898,36.357649,36.447495,40.000063,39.937938,40.638787,40.616462,39.939143,40.204974,39.9,32.372864
44.75,36.326474,36.361111,36.442231,36.444558,36.355818,36.394704,36.259486,36.35245,36.450612,39.994869,39.85171,40.602384,40.596734,39.944335,40.233011,39.9,32.372864
45,36.405483,36.404753,36.477655,36.473639,36.388008,36.406135,36.252212,36.368047,36.472428,39.927354,39.852749,40.574301,40.565585,39.939143,40.1624,39.9,32.831424
45.25,36.436671,36.450474,36.503703,36.506874,36.432659,36.405096,36.258447,36.398201,36.467234,39.844258,39.798726,40.557659,40.554164,39.840505,40.13644,39.9,32.487504
45.5,36.38781,36.401636,36.47453,36.475716,36.390085,36.378077,36.265722,36.376365,36.476584,39.843219,39.782103,40.633587,40.586351,39.859194,40.192514,39.9,31.226464
45.75,36.369097,36.368385,36.446398,36.446635,36.36101,36.388469,36.247016,36.413798,36.468273,39.993831,39.848593,40.648148,40.667338,40.055433,40.226781,39.9,30.423984
46,36.390929,36.417222,36.478697,36.471561,36.394238,36.408214,36.270918,36.381564,36.474506,39.920083,39.825737,40.683511,40.664224,40.022207,40.321275,39.9,30.423984
46.25,36.472018,36.457747,36.541211,36.51726,36.418122,36.442507,36.277153,36.394042,36.472428,40.04265,39.874565,40.682471,40.673568,40.099041,40.236126,39.9,30.767904
46.5,36.431473,36.43177,36.493284,36.495449,36.37347,36.405096,36.260526,36.389883,36.473467,39.997986,39.925472,40.683511,40.644496,39.99625,40.229896,39.9,31.914304
46.75,36.38781,36.405792,36.473488,36.457021,36.368278,36.418606,36.25533,36.363888,36.484895,39.993831,39.924433,40.691832,40.624768,40.079314,40.289085,39.9,31.799664
47,36.36286,36.371502,36.46932,36.503758,36.376586,36.398861,36.260526,36.387803,36.462039,39.939818,39.863138,40.619025,40.588428,40.069969,40.264163,39.9,31.914304
47.25,36.484493,36.486842,36.509954,36.541148,36.420198,36.444586,36.297937,36.409639,36.496323,40.049921,39.914044,40.67311,40.675645,40.024284,40.222627,40,31.70222
47.5,36.467859,36.461904,36.53496,36.513105,36.409814,36.442507,36.28131,36.412758,36.521257,40.049921,39.938977,40.679351,40.615423,40.101118,40.281816,40,31.24366
47.75,36.38677,36.394362,36.475571,36.492333,36.383854,36.400939,36.25429,36.426276,36.497362,40.145481,39.967028,40.690792,40.681875,40.086582,40.299469,40,31.01438
48,36.411721,36.415144,36.490158,36.490256,36.398392,36.404057,36.260526,36.4034,36.503595,40.020837,39.928588,40.682471,40.646572,40.099041,40.270394,40,31.01438
48.25,36.489691,36.483725,36.545379,36.545302,36.430582,36.468487,36.283388,36.406519,36.506712,39.973057,39.894305,40.631506,40.630998,39.936028,40.24651,40,31.58758
48.5,36.481374,36.467099,36.533918,36.536993,36.435774,36.433154,36.269878,36.409639,36.525412,39.97825,39.883916,40.642948,40.612309,39.97756,40.243395,40,31.81686
48.75,36.395087,36.409949,36.496409,36.488179,36.407738,36.419645,36.266761,36.414838,36.521257,39.961631,39.942094,40.657509,40.697449,40.023246,40.26001,40,31.9315
49,36.380533,36.426574,36.466194,36.4726,36.369317,36.424841,36.272996,36.387803,36.502557,39.945012,39.884954,40.689752,40.645534,39.900726,40.358658,40,30.89974
49.25,36.510483,36.455669,36.55684,36.551534,36.446158,36.462252,36.290662,36.438753,36.539957,40.044727,39.979494,40.734476,40.7151,39.966139,40.349312,39.9,30.653264
49.5,36.496968,36.507624,36.555798,36.542186,36.443043,36.448742,36.268839,36.425236,36.516062,40.015643,39.975339,40.724075,40.693296,40.014939,40.314006,40,30.7851
49.75,36.404444,36.415144,36.503703,36.501681,36.433698,36.423802,36.288584,36.438753,36.533724,40.037456,39.959755,40.725115,40.696411,40.090735,40.387733,40,31.12902
50,36.407562,36.406832,36.473488,36.490256,36.423314,36.426919,36.260526,36.416917,36.506712,40.040572,39.944172,40.697033,40.652802,40.107348,40.327506,40,31.9315
50.25,36.485532,36.485803,36.570384,36.549456,36.463811,36.462252,36.282349,36.439793,36.565929,40.055114,39.997156,40.67311,40.634113,40.078275,40.273509,40,32.5047
50.5,36.495928,36.495155,36.57351,36.562958,36.46485,36.453938,36.30625,36.479305,36.526451,40.029147,39.977417,40.66895,40.675645,40.052318,40.26624,40,32.73398
50.75,36.463701,36.46606,36.519331,36.525569,36.443043,36.453938,36.343662,36.435634,36.533724,40.080043,39.980533,40.67207,40.68499,40.117731,40.31193,40,31.58758
51,36.428354,36.425535,36.517247,36.51726,36.427467,36.428998,36.268839,36.449151,36.544113,40.140287,40.0304,40.707434,40.706794,40.20391,40.335813,40,30.2119
51.25,36.41276,36.417222,36.489116,36.503758,36.390085,36.432115,36.282349,36.424196,36.525412,40.044727,39.98365,40.693912,40.698487,40.071007,40.319198,40,30.67046
51.5,36.525037,36.508663,36.592264,36.573344,36.442005,36.488232,36.30625,36.481385,36.553463,40.068617,39.976378,40.714714,40.72756,40.086582,40.333736,40,31.12902
51.75,36.504245,36.505546,36.557882,36.585807,36.469003,36.469526,36.289623,36.466828,36.551385,40.054075,40.000272,40.755278,40.719253,40.098003,40.374234,40,31.47294
52,36.447067,36.449435,36.538085,36.589962,36.435774,36.466409,36.278192,36.466828,36.559696,40.051998,39.985728,40.788562,40.705756,40.091773,40.375272,40,31.01438
52.25,36.460582,36.460865,36.517247,36.521414,36.443043,36.463291,36.28131,36.435634,36.562813,40.056153,40.003389,40.77712,40.718215,40.166531,40.388771,40,31.47294
52.5,36.555186,36.526328,36.586013,36.594116,36.492886,36.473683,36.323917,36.477226,36.599174,40.01876,40.025206,40.754238,40.704717,40.110463,40.371118,40,31.81686
52.75,36.546869,36.542954,36.602683,36.588923,36.469003,36.49031,36.308329,36.477226,36.557618,40.046804,40.013778,40.675191,40.671492,40.10008,40.308814,40,32.39006
53,36.528156,36.46606,36.552672,36.548418,36.456542,36.478879,36.310407,36.470987,36.573202,40.093546,40.038712,40.707434,40.706794,40.054395,40.303622,40,32.5047
53.25,36.457463,36.448395,36.540169,36.526607,36.434736,36.478879,36.283388,36.472027,36.553463,40.054075,40.014817,40.733436,40.694334,40.140573,40.342043,40,31.70222
53.5,36.513602,36.502429,36.57872,36.573344,36.491848,36.49031,36.31976,36.468907,36.591902,40.083159,40.057412,40.754238,40.730675,40.172761,40.372157,40,30.7851
53.75,36.567661,36.523211,36.618312,36.596193,36.525077,36.511094,36.334309,36.495942,36.595019,40.100817,40.024167,40.800003,40.752479,40.055433,40.386694,40,29.98262
54,36.564542,36.545032,36.579761,36.594116,36.489771,36.509016,36.310407,36.474106,36.549307,40.097701,40.054295,40.786481,40.760785,40.110463,40.37631,40,30.7851
54.25,36.467859,36.472295,36.544337,36.555688,36.458619,36.46537,36.315603,36.479305,36.588785,40.121591,40.063645,40.812484,40.775322,40.147842,40.384618,40,31.58758
54.5,36.478255,36.455669,36.533918,36.567113,36.43889,36.495506,36.29378,36.465788,36.563852,40.113281,40.036634,40.740717,40.726522,40.149918,40.426154,40,32.27542
54.75,36.578057,36.563736,36.630815,36.638776,36.524038,36.524604,36.356132,36.50842,36.625147,40.160023,40.089618,40.778161,40.789858,40.144727,40.410578,40,32.16078
55,36.574938,36.574127,36.61206,36.620081,36.513654,36.538114,36.322878,36.50842,36.605408,40.241041,40.127018,40.815604,40.855271,40.158225,40.400194,40.1,31.719416
55.25,36.561423,36.52425,36.601641,36.603464,36.487694,36.474722,36.313525,36.50738,36.595019,40.156907,40.107279,40.802083,40.771168,40.187297,40.507149,40.1,30.573016
55.5,36.499047,36.479568,36.559965,36.587885,36.474195,36.507977,36.309368,36.50634,36.596058,40.165216,40.117668,40.828085,40.83762,40.220523,40.425115,40,31.01438
55.75,36.472018,36.471256,36.559965,36.566074,36.452389,36.47784,36.30625,36.491783,36.592941,40.150674,40.082345,40.846807,40.790896,40.239212,40.463536,40.1,31.719416
56,36.604047,36.574127,36.636024,36.640853,36.520923,36.54227,36.351975,36.530256,36.629302,40.118475,40.085462,40.809364,40.768054,40.13019,40.44796,40.1,32.292616
56.25,36.598849,36.562696,36.589139,36.640853,36.512616,36.537074,36.330152,36.521937,36.610602,40.1621,40.105201,40.765679,40.778437,40.165493,40.424077,40.1,32.407256
56.5,36.561423,36.588674,36.609977,36.630467,36.500155,36.531878,36.321838,36.50946,36.623069,40.133017,40.077151,40.778161,40.765977,40.14265,40.411616,40.1,32.177976
56.75,36.522958,36.503468,36.57351,36.57646,36.528192,36.510055,36.313525,36.529216,36.616836,40.1943,40.086501,40.815604,40.809586,40.173799,40.47392,40.1,31.146216
57,36.509443,36.486842,36.562049,36.595155,36.486656,36.496546,36.31976,36.5053,36.611641,40.134055,40.097929,40.796882,40.72756,40.175876,40.413693,40.1,31.146216
57.25,36.526077,36.482686,36.613102,36.604502,36.482502,36.510055,36.301054,36.533375,36.617874,40.181835,40.07819,40.800003,40.787781,40.251672,40.42823,40.1,30.916936
57.5,36.614443,36.619847,36.648527,36.654355,36.528192,36.574486,36.34574,36.526096,36.644886,40.163139,40.131174,40.836406,40.791934,40.132267,40.42823,40.1,31.146216
57.75,36.541671,36.520093,36.620396,36.627351,36.527154,36.530839,36.329113,36.535455,36.649041,40.202609,40.112474,40.819765,40.804394,40.188335,40.442768,40.1,31.146216
58,36.522958,36.529445,36.611018,36.61385,36.488733,36.520447,36.327034,36.551052,36.637614,40.130939,40.07819,40.834326,40.795049,40.202871,40.464574,40.1,31.490136
58.25,36.511522,36.502429,36.583929,36.607618,36.500155,36.51733,36.323917,36.534415,36.643847,40.223383,40.118707,40.782321,40.768054,40.096965,40.40227,40.1,31.031576
58.5,36.511522,36.48892,36.569342,36.605541,36.488733,36.51733,36.318721,36.524017,36.673975,40.157945,40.07819,40.785441,40.759747,40.202871,40.374234,40.1,31.490136
58.75,36.635235,36.613612,36.65582,36.675127,36.533384,36.573446,36.353014,36.566649,36.658392,40.223383,40.144679,40.791682,40.804394,40.19145,40.443806,40.1,31.948696
59,36.579096,36.551266,36.640192,36.62112,36.541691,36.554741,36.365485,36.585365,36.65943,40.260777,40.168574,40.834326,40.808547,40.278667,40.438614,40.1,31.031576
59.25,36.5687,36.539836,36.586013,36.637737,36.517808,36.538114,36.329113,36.563529,36.656314,40.247274,40.167535,40.866569,40.824122,40.231944,40.469766,40.1,31.375496
59.5,36.535433,36.515937,36.596432,36.615927,36.510539,36.557858,36.337426,36.563529,36.651119,40.154829,40.15403,40.844727,40.813739,40.169646,40.461459,40.1,31.490136
59.75,36.548948,36.53568,36.608935,36.601386,36.517808,36.546427,36.329113,36.551052,36.664625,40.251428,40.193508,40.800003,40.801279,40.254786,40.444845,40.1,31.490136
60,36.667462,36.629199,36.6777,36.707324,36.543768,36.590074,36.368602,36.598882,36.676053,40.178719,40.209091,40.807283,40.77636,40.196642,40.41577,40.1,32.063336
60.25,36.611324,36.577244,36.687077,36.708362,36.561421,36.586956,36.381073,36.587445,36.691636,40.201571,40.162341,40.7688,40.724445,40.207025,40.373195,40.1,31.834056
60.5,36.581176,36.541914,36.63394,36.636699,36.549998,36.562015,36.37172,36.592644,36.671897,40.183913,40.139485,40.805203,40.785705,40.25894,40.460421,40.1,30.802296
60.75,36.567661,36.533602,36.637066,36.647085,36.533384,36.553702,36.353014,36.579126,36.675014,40.216113,40.144679,40.833286,40.853194,40.228829,40.427192,40.1,30.802296
61,36.559344,36.471256,36.620396,36.639815,36.526115,36.553702,36.336387,36.570808,36.671897,40.1621,40.161302,40.816644,40.817892,40.195603,40.457306,40.1,29.885176
61.25,36.551027,36.531523,36.615186,36.633583,36.528192,36.548506,36.33327,36.622798,36.653197,40.172487,40.139485,40.824965,40.88642,40.223637,40.435499,40.1,30.916936
61.5,36.667462,36.613612,36.693329,36.712517,36.570766,36.591113,36.35925,36.607201,36.691636,40.221306,40.190391,40.844727,40.857347,40.278667,40.446922,40.1,31.490136
61.75,36.593651,36.579322,36.663113,36.682397,36.565574,36.634759,36.38419,36.608241,36.700986,40.256622,40.244414,40.887371,40.866692,40.339927,40.511302,40.1,31.490136
62,36.593651,36.565814,36.641234,36.66578,36.587381,36.585917,36.357171,36.603042,36.709298,40.234809,40.220519,40.894652,40.896803,40.274514,40.509226,40.1,31.948696
62.25,36.591572,36.577244,36.649569,36.668895,36.557267,36.583838,36.360289,36.61136,36.692675,40.325176,40.230908,40.887371,40.850079,40.353425,40.509226,40.1,31.146216
62.5,36.566621,36.549188,36.63915,36.652278,36.549998,36.562015,36.357171,36.592644,36.665664,40.259738,40.236103,40.845767,40.844888,40.290089,40.484304,40.1,31.260856
62.75,36.566621,36.531523,36.614144,36.643969,36.531307,36.56929,36.350936,36.604081,36.685403,40.171448,40.214286,40.824965,40.83762,40.196642,40.466651,40.1,31.490136
63,36.615482,36.5814,36.664155,36.696938,36.587381,36.60774,36.394582,36.653992,36.715531,40.241041,40.196624,40.88113,40.877075,40.311893,40.529994,40.2,31.621972
63.25,36.631076,36.586596,36.670407,36.722903,36.606072,36.62125,36.416406,36.651912,36.711375,40.220267,40.202858,40.902973,40.87396,40.338889,40.516494,40.2,31.278052
63.5,36.617562,36.601143,36.646443,36.703169,36.58115,36.60774,36.389386,36.630076,36.71657,40.190145,40.189352,40.883211,40.865654,40.268284,40.49988,40.2,30.934132
63.75,36.631076,36.598026,36.654778,36.692783,36.575958,36.618132,36.372759,36.630076,36.711375,40.25039,40.227791,40.853048,40.838658,40.308778,40.494688,40.1,31.260856
64,36.625878,36.584518,36.665197,36.689667,36.60088,36.601505,36.367563,36.618639,36.684364,40.25039,40.175846,40.842647,40.808547,40.243365,40.478074,40.2,31.965892
64.25,36.563502,36.543993,36.621437,36.657471,36.488733,36.591113,36.377955,36.61032,36.711375,40.181835,40.171691,40.854088,40.796088,40.278667,40.510264,40.2,32.195172
64.5,36.563502,36.545032,36.606851,36.666818,36.559344,36.601505,36.35925,36.658151,36.709298,40.207803,40.21948,40.848887,40.809586,40.291127,40.474958,40.2,31.736612
64.75,36.652908,36.640629,36.683951,36.730173,36.621648,36.655543,36.416406,36.675828,36.743581,40.260777,40.243375,40.836406,40.849041,40.226752,40.518571,40.2,31.163412
65,36.658106,36.602182,36.705831,36.727057,36.599842,36.623328,36.416406,36.66231,36.726959,40.260777,40.204936,40.855128,40.813739,40.305663,40.488458,40.1,31.031576
65.25,36.641472,36.556462,36.697496,36.730173,36.589458,36.623328,36.391465,36.667509,36.733192,40.217151,40.189352,40.866569,40.807509,40.183144,40.496765,40.1,30.229096
65.5,36.589492,36.602182,36.672491,36.708362,36.596726,36.62021,36.404974,36.647753,36.724881,40.190145,40.196624,40.861369,40.780513,40.235059,40.507149,40.1,30.229096
65.75,36.563502,36.546071,36.627689,36.674088,36.573882,36.617093,36.41017,36.667509,36.740465,40.275318,40.284931,40.843687,40.908224,40.384574,40.526878,40.1,30.687656
66,36.560384,36.540875,36.620396,36.672011,36.56869,36.601505,36.401857,36.659191,36.730076,40.318944,40.230908,40.887371,40.869807,40.36277,40.546608,40.1,30.573016
66.25,36.59573,36.574127,36.663113,36.695899,36.569728,36.611897,36.396661,36.657111,36.747737,40.231693,40.201819,40.867609,40.860462,40.328506,40.500918,40.1,31.260856
66.5,36.685136,36.65102,36.731879,36.742636,36.640339,36.674249,36.431994,36.696624,36.756048,40.207803,40.242336,40.900892,40.845926,40.282821,40.514418,40.1,31.604776
66.75,36.678898,36.626082,36.72146,36.742636,36.615418,36.654504,36.415366,36.693504,36.759165,40.264931,40.262075,40.885291,40.856309,40.288012,40.534147,40.1,31.375496
67,36.665383,36.640629,36.707915,36.747829,36.610226,36.652426,36.403935,36.66439,36.789293,40.319983,40.253764,40.882171,40.872922,40.383536,40.507149,40.2,31.163412
67.25,36.627958,36.602182,36.689161,36.715632,36.605034,36.644112,36.401857,36.696624,36.777865,40.254544,40.268309,40.899852,40.909262,40.358616,40.514418,40.2,31.163412
67.5,36.587413,36.580361,36.624563,36.68759,36.58115,36.644112,36.43719,36.66127,36.772671,40.324137,40.298437,40.870729,40.905109,40.358616,40.53207,40.1,30.916936
67.75,36.59573,36.583478,36.646443,36.71771,36.58115,36.627485,36.380034,36.688305,36.769554,40.351144,40.293242,40.887371,40.869807,40.331621,40.518571,40.2,31.851252
68,36.638354,36.598026,36.668323,36.716671,36.605034,36.627485,36.401857,36.689345,36.755009,40.372956,40.277659,40.888411,40.830352,40.308778,40.492611,40.2,31.278052
68.25,36.702809,36.671802,36.748549,36.774833,36.628917,36.662818,36.434072,36.725738,36.78306,40.291938,40.291164,40.884251,40.833466,40.353425,40.514418,40.2,31.163412
68.5,36.680977,36.653098,36.728753,36.777948,36.691221,36.668014,36.455895,36.712221,36.788254,40.245196,40.250647,40.867609,40.836581,40.311893,40.509226,40.2,30.704852
68.75,36.660185,36.619847,36.705831,36.757176,36.642416,36.684641,36.434072,36.726778,36.787215,40.244157,40.239219,40.904013,40.859424,40.36277,40.560107,40.2,30.590212
69,36.613403,36.595948,36.697496,36.755099,36.605034,36.656582,36.422641,36.723658,36.791371,40.36984,40.287009,40.946657,40.931067,40.382497,40.528955,40.2,30.819492
69.25,36.619641,36.593869,36.683951,36.719787,36.611264,36.640994,36.419523,36.712221,36.78306,40.317905,40.289087,40.960178,40.917569,40.402225,40.634872,40.2,30.704852
69.5,36.616522,36.65102,36.681868,36.730173,36.608149,36.662818,36.417445,36.709101,36.793449,40.328292,40.303631,40.963298,40.939373,40.35031,40.613066,40.2,30.704852
69.75,36.75167,36.675958,36.804812,36.780026,36.65903,36.713738,36.459013,36.735096,36.812149,40.364647,40.298437,41.001782,40.951833,40.416761,40.599566,40.2,31.392692
70,36.72672,36.704014,36.764178,36.817415,36.668376,36.713738,36.460052,36.755892,36.825654,40.414504,40.301553,40.943536,40.925875,40.363808,40.568414,40.2,32.080532
70.25,36.657066,36.637512,36.741256,36.775871,36.657992,36.705425,36.457974,36.756932,36.816304,40.350105,40.317137,40.925855,40.962216,40.336812,40.619296,40.2,32.080532
70.5,36.657066,36.644785,36.724586,36.762369,36.667338,36.697111,36.451738,36.76629,36.815265,40.371918,40.362848,40.98098,40.988173,40.379382,40.568414,40.2,32.424452
70.75,36.659146,36.626082,36.73813,36.778987,36.642416,36.702307,36.443425,36.763171,36.80176,40.357376,40.346226,41.002822,40.952871,40.426106,40.606835,40.2,31.392692
71,36.657066,36.634394,36.707915,36.754061,36.645531,36.705425,36.438229,36.763171,36.80176,40.459168,40.299476,40.972659,40.94145,40.404302,40.585029,40.2,30.704852
71.25,36.702809,36.655176,36.744382,36.793527,36.668376,36.691915,36.468366,36.76629,36.812149,40.443588,40.351421,40.966419,40.923799,40.474906,40.567376,40.2,30.819492
71.5,36.762066,36.727913,36.806896,36.857921,36.705758,36.748032,36.487071,36.779808,36.83916,40.380227,40.344148,40.940416,40.924837,40.367961,40.58399,40.2,30.934132
71.75,36.713205,36.674919,36.771471,36.795605,36.707835,36.72413,36.47564,36.799564,36.843316,40.396846,40.354537,40.964338,40.943526,40.388727,40.581914,40.2,31.163412
72,36.686175,36.668685,36.756884,36.82157,36.696413,36.688798,36.483954,36.748614,36.83916,40.381266,40.345187,40.974739,40.960139,40.425068,40.590221,40.2,31.392692
72.25,36.69969,36.660372,36.773555,36.79145,36.65903,36.721013,36.47564,36.785007,36.844355,40.373995,40.358693,40.937296,40.943526,40.373153,40.576722,40.2,30.819492
72.5,36.686175,36.663489,36.751675,36.846496,36.689144,36.791678,36.473562,36.778768,36.830849,40.352182,40.339993,40.904013,40.919645,40.378344,40.608912,40.2,31.048772
72.75,36.67474,36.646864,36.762094,36.788334,36.647608,36.710621,36.460052,36.785007,36.827732,40.370879,40.350382,40.890491,40.88642,40.351348,40.543493,40.2,31.392692
73,36.713205,36.678037,36.783974,36.82157,36.708874,36.73764,36.472522,36.796444,36.842277,40.34595,40.324409,40.926895,40.920684,40.420914,40.55803,40.2,31.392692
73.25,36.762066,36.719601,36.828776,36.859998,36.735872,36.775051,36.524482,36.846355,36.868249,40.395808,40.363887,40.937296,40.927952,40.391842,40.574645,40.2,30.934132
73.5,36.713205,36.706092,36.777722,36.831956,36.723411,36.766738,36.546306,36.838036,36.876561,40.399962,40.388821,40.941456,40.940411,40.418838,40.608912,40.2,30.590212
73.75,36.740234,36.687388,36.802728,36.834033,36.68499,36.775051,36.486032,36.822439,36.878638,40.359453,40.333759,40.939376,40.921722,40.348233,40.587106,40.2,31.278052
74,36.731918,36.695701,36.789183,36.834033,36.720296,36.76362,36.461091,36.814121,36.868249,40.34595,40.317137,40.954978,40.910301,40.473868,40.592298,40.2,31.621972
74.25,36.72672,36.675958,36.789183,36.834033,36.69849,36.736601,36.480836,36.822439,36.843316,40.381266,40.363887,40.974739,40.93522,40.413646,40.589182,40.2,31.278052
74.5,36.764145,36.681154,36.782932,36.815338,36.711989,36.769855,36.502659,36.830758,36.865133,40.403079,40.345187,40.968499,40.943526,40.375229,40.58399,40.2,31.392692
74.75,36.706967,36.69674,36.82044,36.83611,36.716142,36.758424,36.495385,36.82036,36.880716,40.404117,40.372199,40.990341,40.942488,40.403263,40.62345,40.2,31.278052
75,36.780779,36.765321,36.837111,36.885963,36.755602,36.785443,36.543188,36.876509,36.927467,40.516297,40.423105,40.992421,40.986097,40.459332,40.634872,40.2,31.048772
75.25,36.77766,36.7435,36.831901,36.877654,36.755602,36.80207,36.54007,36.881708,36.913961,40.363608,40.362848,40.973699,40.950794,40.420914,40.626565,40.2,31.736612
75.5,36.769343,36.721679,36.831901,36.869345,36.735872,36.780247,36.534874,36.87339,36.897339,40.407233,40.37116,40.951857,40.92899,40.412608,40.60995,40.2,31.736612
75.75,36.769343,36.724796,36.823566,36.885963,36.757678,36.812462,36.518247,36.87027,36.910844,40.421775,40.379471,40.913374,40.969484,40.44791,40.572568,40.2,31.048772
76,36.774541,36.70817,36.815231,36.861036,36.75041,36.77713,36.570207,36.859872,36.897339,40.421775,40.379471,40.924815,40.920684,40.45414,40.588144,40.2,31.392692
76.25,36.764145,36.702975,36.806896,36.847535,36.735872,36.788561,36.504738,36.840116,36.910844,40.353221,40.374276,40.954978,40.907186,40.420914,40.607874,40.2,30.475572
76.5,36.710086,36.680115,36.766262,36.838187,36.721334,36.785443,36.518247,36.887947,36.875522,40.398924,40.392977,41.005942,40.979867,40.443757,40.627603,40.2,30.475572
76.75,36.801571,36.741422,36.854823,36.908812,36.80233,36.814541,36.549423,36.948255,36.950322,40.471633,40.430377,41.011143,41.006863,40.500864,40.671216,40.2,30.360932
77,36.818204,36.765321,36.880871,36.909851,36.803368,36.831168,36.563972,36.913942,36.94305,40.494484,40.43661,40.987221,40.97156,40.453102,40.60995,40.2,31.278052
77.25,36.8286,36.753891,36.84232,36.931661,36.803368,36.814541,36.574364,36.927459,36.939933,40.40204,40.428299,40.967459,40.949756,40.395995,40.633834,40.2,32.309812
77.5,36.798452,36.757008,36.806896,36.906735,36.792984,36.836364,36.550462,36.902504,36.92435,40.346989,40.359732,40.932095,40.94145,40.463485,40.563222,40.2,32.080532
77.75,36.80469,36.757008,36.850655,36.901542,36.798176,36.817658,36.560854,36.910822,36.92435,40.338679,40.378432,40.891531,40.903033,40.401187,40.561146,40.2,31.048772
78,36.798452,36.726874,36.850655,36.898426,36.77637,36.833246,36.555658,36.885867,36.932661,40.423853,40.356615,40.915454,40.906147,40.379382,40.596451,40.2,30.934132
78.25,36.85667,36.706092,36.815231,36.894272,36.753525,36.811423,36.555658,36.903544,36.926428,40.401001,40.38986,40.956018,40.995441,40.445834,40.616181,40.2,30.475572
78.5,36.733997,36.705053,36.801686,36.866229,36.748333,36.814541,36.565011,36.919141,36.94305,40.43424,40.411677,41.045466,40.997518,40.534089,40.651486,40.2,30.360932
78.75,36.763106,36.749734,36.828776,36.88077,36.775331,36.819737,36.557737,36.952414,36.939933,40.401001,40.416871,41.032985,40.958062,40.395995,40.616181,40.2,30.590212
79,36.836917,36.811041,36.910044,36.948279,36.821021,36.871697,36.600344,36.943056,36.9711,40.575503,40.478166,40.941456,40.950794,40.498787,40.602682,40.2,31.163412
79.25,36.863947,36.829745,36.901709,36.94724,36.791946,36.871697,36.612814,36.956574,36.997073,40.44982,40.424144,40.922734,40.93522,40.381459,40.587106,40.2,31.736612
79.5,36.85563,36.799611,36.904834,36.990861,36.825174,36.851952,36.582678,36.934738,36.956556,40.395808,40.416871,40.961218,40.943526,40.406378,40.592298,40.2,31.163412
79.75,36.847313,36.747656,36.876703,36.943086,36.812714,36.876893,36.580599,36.948255,36.922272,40.376072,40.406482,40.965379,40.907186,40.416761,40.621373,40.2,30.475572
80,36.766224,36.750774,36.861074,36.915044,36.812714,36.876893,36.572286,36.958653,36.980451,40.455014,40.429338,41.017384,41.021399,40.408455,40.648371,40.2,30.475572
80.25,36.746472,36.737265,36.861074,36.906735,36.790907,36.851952,36.572286,36.970091,36.983567,40.44151,40.442844,41.027785,40.999594,40.511247,40.705483,40.2,30.475572
80.5,36.782858,36.73207,36.872535,36.911928,36.794022,36.849874,36.545266,36.953454,36.966945,40.496562,40.449077,41.036105,41.009977,40.50917,40.683677,40.2,30.819492
80.75,36.788056,36.745578,36.84753,36.928545,36.787792,36.846756,36.563972,36.951375,36.972139,40.414504,40.421027,41.011143,40.963254,40.470753,40.67537,40.2,31.048772
81,36.820284,36.769477,36.89129,36.957626,36.830366,36.873775,36.603462,36.972171,36.989801,40.414504,40.40856,41.005942,40.97779,40.46037,40.657717,40.2,31.048772
81.25,36.916966,36.842214,36.950678,36.987746,36.859442,36.917422,36.655422,37.007524,37.004345,40.394769,40.412716,40.993461,40.962216,40.484251,40.632795,40.3,30.951328
81.5,36.898254,36.853644,36.942343,36.992939,36.872941,36.9195,36.628402,36.999205,37.020968,40.463323,40.451155,41.012183,40.970522,40.495672,40.657717,40.3,30.951328
81.75,36.874343,36.839097,36.926714,37.002286,36.853211,36.902873,36.626324,36.995046,37.003306,40.524606,40.459466,41.003862,41.005824,40.542396,40.690946,40.3,31.065968
82,36.811967,36.804807,36.910044,36.971128,36.855288,36.9195,36.626324,37.010643,37.031357,40.4976,40.461544,41.068348,41.017246,40.429221,40.702368,40.3,30.378128
82.25,36.820284,36.796494,36.898583,36.960742,36.848019,36.917422,36.632559,37.012723,37.007462,40.460207,40.456349,41.011143,41.028667,40.475944,40.650448,40.3,30.492768
82.5,36.83068,36.788181,36.876703,36.965935,36.858403,36.897677,36.626324,37.021041,37.023045,40.48202,40.444922,41.016343,40.968445,40.524744,40.672254,40.3,31.295248
82.75,36.871224,36.782986,36.906918,36.946202,36.844904,36.909108,36.607618,37.015842,37.007462,40.490329,40.461544,40.972659,40.936258,40.516438,40.660832,40.3,31.065968
83,36.838996,36.788181,36.893373,36.976321,36.836597,36.909108,36.607618,36.988807,37.020968,40.478904,40.491672,40.947697,41.008939,40.529936,40.650448,40.3,30.836688
83.25,36.814046,36.791298,36.893373,36.965935,36.839712,36.895598,36.615932,37.010643,37.020968,40.48202,40.429338,40.989301,40.973637,40.519553,40.65564,40.3,30.951328
83.5,36.852511,36.814159,36.901709,36.988784,36.846981,36.9195,36.616971,37.022081,37.034473,40.503832,40.453233,41.003862,40.972599,40.480098,40.639026,40.3,30.951328
83.75,36.925283,36.877544,36.961097,37.034483,36.885402,36.954833,36.64503,37.051195,37.00019,40.500716,40.449077,41.008023,40.993365,40.464523,40.650448,40.3,31.295248
84,36.901372,36.854684,36.955887,37.037598,36.909285,36.943402,36.674127,37.062633,37.058368,40.5298,40.49375,41.049627,41.02659,40.566276,40.671216,40.3,31.295248
84.25,36.876422,36.840136,36.947552,37.016826,36.939398,36.951715,36.661657,37.093827,37.063563,40.50591,40.498944,41.031945,41.025552,40.491519,40.709637,40.3,31.639168
84.5,36.879541,36.855723,36.934007,36.995016,36.900978,36.941323,36.61801,37.07823,37.093691,40.536032,40.518683,41.065228,41.044241,40.532013,40.728328,40.3,31.868448
84.75,36.88162,36.842214,36.936091,37.035521,36.900978,37.011989,36.666853,37.061593,37.077068,40.453975,40.455311,41.010103,40.965331,40.469715,40.64941,40.3,31.295248
85,36.857709,36.833902,36.947552,37.011633,36.890594,36.954833,36.66997,37.061593,37.04694,40.437356,40.458427,40.939376,40.93522,40.49671,40.624488,40.3,31.180608
85.25,36.873303,36.823511,36.919421,37.005402,36.937322,36.946519,36.663735,37.050156,37.060446,40.442549,40.446999,40.974739,40.957024,40.4666,40.644218,40.3,31.753808
85.5,36.832759,36.84741,36.934007,37.073949,36.895786,36.948598,36.650226,37.056394,37.053174,40.410349,40.450116,40.944577,40.951833,40.449987,40.64941,40.3,30.836688
85.75,36.879541,36.840136,36.930882,37.011633,36.877094,36.941323,36.639834,37.064713,37.058368,40.445665,40.428299,40.966419,40.957024,40.461408,40.639026,40.3,30.034208
86,36.886818,36.843253,36.95172,37.023058,36.885402,36.956911,36.684519,37.062633,37.092652,40.397885,40.413755,40.966419,40.957024,40.495672,40.614104,40.3,30.836688
86.25,36.920085,36.84741,36.974642,37.049023,36.919669,36.973538,36.693872,37.102146,37.095768,40.513181,40.468816,41.023624,40.989211,40.548625,40.651486,40.3,30.492768
86.5,36.940877,36.89313,36.998605,37.079142,36.966397,37.016146,36.70946,37.120862,37.106157,40.523568,40.504139,41.020504,41.002709,40.487366,40.668101,40.3,31.180608
86.75,36.9336,36.89313,36.987144,37.08122,36.966397,37.016146,36.707382,37.1323,37.082263,40.507987,40.492711,41.039226,40.953909,40.572506,40.673293,40.3,31.524528
87,36.930481,36.901443,36.985061,37.084335,36.952898,37.016146,36.704264,37.08031,37.100963,40.499678,40.4844,41.042346,41.002709,40.476983,40.664986,40.3,31.065968
87.25,36.947115,36.879622,36.998605,37.076027,36.952898,37.014067,36.712578,37.126061,37.109274,40.504871,40.4844,41.037145,40.989211,40.525783,40.678485,40.3,30.836688
87.5,36.930481,36.899365,36.998605,37.070834,36.94459,37.002636,36.699068,37.126061,37.092652,40.559922,40.462583,41.037145,40.997518,40.553817,40.646294,40.3,30.722048
87.75,36.940877,36.90456,36.985061,37.065641,36.961205,36.989126,36.701146,37.126061,37.120702,40.496562,40.492711,41.050667,41.013092,40.5642,40.670178,40.3,30.951328
88,36.955432,36.882739,36.987144,37.072911,36.936283,37.008871,36.693872,37.1323,37.106157,40.578619,40.529072,41.025704,41.002709,40.572506,40.656678,40.3,30.722048
88.25,36.940877,36.877544,36.993396,37.072911,36.941475,36.992244,36.685558,37.120862,37.040707,40.491368,40.504139,40.958098,40.917569,40.567315,40.634872,40.3,31.409888
88.5,36.911768,36.859879,36.953804,37.044869,36.921746,36.99744,36.715695,37.141658,37.109274,40.509026,40.513489,40.987221,40.974675,40.581851,40.63591,40.3,31.753808
88.75,36.879541,36.851566,36.966306,37.060448,36.93213,37.01095,36.69595,37.146857,37.127974,40.44982,40.44596,40.97578,40.942488,40.486327,40.64941,40.3,31.639168
89,36.949194,36.908717,36.998605,37.085374,36.968474,37.054596,36.767655,37.168693,37.144597,40.498639,40.524917,41.003862,41.015169,40.488404,40.656678,40.3,30.722048
89.25,37.003253,36.958594,37.054868,37.146651,36.968474,37.068106,36.771812,37.199887,37.149791,40.498639,40.533228,41.011143,40.988173,40.484251,40.62345,40.3,30.722048
89.5,37.014689,36.945085,37.061119,37.135227,36.97055,37.064988,36.753106,37.201966,37.166414,40.460207,40.5031,40.973699,40.963254,40.533051,40.645256,40.3,30.722048
89.75,37.008451,36.941968,37.049658,37.138343,36.935245,37.06187,36.766616,37.18325,37.151869,40.523568,40.497905,40.987221,40.969484,40.577698,40.634872,40.3,31.180608
90,36.998055,36.988727,37.052784,37.126918,37.020394,37.059792,36.736479,37.18533,37.151869,40.479942,40.492711,41.009063,40.988173,40.500864,40.620334,40.3,31.180608
90.25,37.008451,36.955476,37.032988,37.151844,37.000664,37.070184,36.746871,37.174932,37.163297,40.496562,40.481283,41.017384,40.979867,40.552779,40.663947,40.3,30.492768
90.5,37.003253,36.936772,37.052784,37.126918,37.003779,37.068106,36.746871,37.199887,37.158102,40.444627,40.462583,40.9841,40.979867,40.473868,40.642141,40.2,30.590212
90.75,36.925283,36.902482,37.040281,37.117571,36.983011,37.048361,36.758302,37.192608,37.168491,40.556806,40.537384,41.014263,40.998556,40.550702,40.673293,40.3,31.409888
91,36.930481,36.887935,37.014234,37.107185,36.995472,37.051478,36.758302,37.18325,37.167453,40.515258,40.529072,41.039226,41.059816,40.533051,40.688869,40.3,31.295248
91.25,36.9336,36.891052,37.017359,37.090567,36.985088,37.078498,36.755185,37.18533,37.172647,40.471633,40.485439,41.069389,41.029705,40.50294,40.715867,40.3,30.836688
91.5,36.947115,36.90456,37.00694,37.09576,36.968474,37.043165,36.741675,37.193648,37.175764,40.550574,40.517645,41.055867,41.057739,40.581851,40.702368,40.3,30.263488
91.75,36.930481,36.901443,36.998605,37.117571,36.973666,37.059792,36.780126,37.198847,37.153947,40.421775,40.482322,41.028825,41.011016,40.494634,40.653563,40.3,30.836688
92,37.060431,36.989767,37.093418,37.173655,37.053622,37.110713,36.785322,37.254996,37.210047,40.522529,40.507256,41.028825,40.98402,40.54551,40.691984,40.3,31.065968
92.25,37.057312,37.023018,37.112172,37.197543,37.066083,37.149163,36.790518,37.256036,37.168491,40.57758,40.530111,41.029865,41.003748,40.529936,40.652525,40.3,31.180608
92.5,37.068748,37.004314,37.117382,37.205852,37.076467,37.121105,36.798831,37.201966,37.197581,40.517336,40.524917,41.024664,41.003748,40.52163,40.712752,40.3,31.180608
92.75,37.060431,37.004314,37.134052,37.200659,37.089966,37.124222,36.809223,37.231081,37.214203,40.533955,40.510372,41.024664,40.99025,40.546549,40.642141,40.3,31.180608
93,37.070827,37.009509,37.104879,37.223508,37.078544,37.129418,36.77389,37.242519,37.203814,40.496562,40.491672,41.003862,40.975714,40.563162,40.651486,40.3,30.607408
93.25,37.025085,36.97418,37.068413,37.184041,37.049469,37.063949,36.810262,37.250837,37.210047,40.50591,40.5405,41.057947,40.99648,40.560047,40.704445,40.3,31.065968
93.5,36.979342,36.972102,37.074664,37.171578,37.049469,37.143967,36.817537,37.261235,37.223553,40.527723,40.489594,41.034025,41.02659,40.575621,40.699253,40.3,31.409888
93.75,36.992857,36.950281,37.081957,37.166385,37.024547,37.119026,36.804027,37.250837,37.22667,40.500716,40.561278,41.022584,40.974675,40.565238,40.644218,40.3,31.409888
94,36.989738,36.980415,37.074664,37.213122,37.052584,37.115909,36.820654,37.277872,37.270304,40.495523,40.497905,41.025704,40.972599,40.516438,40.682638,40.3,31.295248
94.25,37.003253,36.955476,37.044449,37.163269,37.052584,37.132536,36.806106,37.291389,37.223553,40.470594,40.470894,41.017384,40.979867,40.526821,40.679523,40.3,31.065968
94.5,36.998055,36.950281,37.079874,37.169501,37.057776,37.099282,36.798831,37.272673,37.206931,40.509026,40.492711,41.014263,40.982982,40.548625,40.633834,40.3,30.836688
94.75,36.994936,36.982493,37.063203,37.18508,37.039085,37.11383,36.812341,37.277872,37.237059,40.475788,40.497905,41.012183,40.99648,40.556932,40.684715,40.3,31.180608
95,37.106174,37.012627,37.112172,37.211045,37.086851,37.14085,36.82689,37.279951,37.237059,40.557845,40.5405,41.017384,40.994403,40.543434,40.709637,40.3,30.836688
95.25,37.097857,37.057308,37.136136,37.248434,37.09412,37.156438,36.849752,37.314265,37.26407,40.522529,40.511411,41.025704,41.009977,40.549664,40.650448,40.3,31.524528
95.5,37.133203,37.058347,37.174686,37.256743,37.130464,37.178261,36.854948,37.313225,37.268226,40.507987,40.532189,40.991381,40.940411,40.540319,40.654602,40.3,31.295248
95.75,37.100976,37.057308,37.152806,37.255704,37.116965,37.186574,36.862222,37.330902,37.259915,40.456052,40.504139,40.991381,40.992326,40.549664,40.714829,40.3,31.180608
96,37.070827,37.029252,37.165309,37.255704,37.124234,37.19177,36.866379,37.327782,37.284848,40.47371,40.511411,41.023624,41.016207,40.596387,40.672254,40.3,30.836688
96.25,37.065629,37.0199,37.136136,37.23701,37.111773,37.196966,36.860144,37.33714,37.272381,40.571348,40.533228,41.060028,41.028667,40.592234,40.723136,40.3,30.378128
96.5,37.065629,37.031331,37.139262,37.223508,37.106581,37.189692,36.854948,37.323623,37.277576,40.584851,40.535306,41.046506,41.047356,40.555893,40.723136,40.3,30.836688
96.75,37.060431,37.028213,37.122591,37.242203,37.12008,37.203202,36.860144,37.334021,37.222514,40.598354,40.557123,41.049627,41.042165,40.635843,40.730405,40.3,30.378128
97,37.068748,37.028213,37.136136,37.23701,37.116965,37.175143,36.849752,37.34026,37.289004,40.546419,40.516606,41.041306,41.02036,40.597425,40.684715,40.3,30.836688
97.25,37.076025,37.028213,37.130927,37.23701,37.103466,37.181378,36.868458,37.383931,37.28277,40.52149,40.5218,41.043386,41.036973,40.586004,40.736635,40.3,31.065968
97.5,37.057312,37.014705,37.142387,37.225585,37.122157,37.186574,36.866379,37.34026,37.260954,40.576541,40.538423,41.051707,41.042165,40.555893,40.716906,40.3,30.836688
97.75,37.052114,37.0199,37.136136,37.264013,37.12008,37.151242,36.858066,37.33714,37.269265,40.546419,40.5218,41.051707,40.993365,40.5642,40.777133,40.3,31.065968
98,37.057312,37.028213,37.136136,37.239087,37.11385,37.186574,36.860144,37.348578,37.274459,40.532916,40.516606,41.068348,41.003748,40.537204,40.714829,40.3,31.180608
98.25,37.122807,37.063543,37.179896,37.286862,37.190691,37.21879,36.872614,37.372494,37.296276,40.568232,40.529072,41.049627,41.050471,40.569391,40.711714,40.3,31.295248
98.5,37.128005,37.093677,37.210111,37.23701,37.179269,37.215672,36.87781,37.38913,37.299393,40.600432,40.561278,41.068348,41.055663,40.637919,40.812438,40.3,30.951328
98.75,37.124886,37.08952,37.20386,37.294133,37.175115,37.248926,36.914182,37.387051,37.335754,40.565116,40.56959,41.08811,41.065007,40.568353,40.751173,40.3,31.295248
99,37.124886,37.085364,37.247619,37.320098,37.189653,37.254122,36.925614,37.426563,37.341988,40.537071,40.548812,41.08395,41.060854,40.594311,40.754288,40.3,31.409888
99.25,37.124886,37.063543,37.19865,37.312827,37.189653,37.278024,36.919378,37.399528,37.353416,40.617051,40.602834,41.068348,41.022437,40.631689,40.740789,40.3,31.524528
99.5,37.151916,37.104068,37.217404,37.298287,37.189653,37.248926,36.93081,37.413046,37.326404,40.578619,40.602834,41.119313,41.030743,40.604694,40.732482,40.4,31.197804
99.75,37.133203,37.093677,37.21532,37.309712,37.195883,37.284259,36.936006,37.431762,37.306665,40.551613,40.562317,41.026744,41.008939,40.631689,40.72729,40.3,30.836688
100,37.130084,37.109263,37.20386,37.304519,37.149155,37.272828,36.922496,37.423444,37.336793,40.501755,40.5218,41.031945,41.012054,40.555893,40.732482,40.3,30.722048
100.25,37.149837,37.107185,37.20386,37.274399,37.174077,37.264514,36.9173,37.434882,37.348221,40.461246,40.557123,41.051707,41.008939,40.574583,40.725213,40.3,30.836688
100.5,37.14152,37.098872,37.210111,37.320098,37.189653,37.262436,36.936006,37.431762,37.348221,40.556806,40.537384,41.031945,41.005824,40.5642,40.757403,40.3,30.263488
100.75,37.128005,37.093677,37.206985,37.298287,37.195883,37.27075,36.927692,37.429683,37.33991,40.55369,40.5405,41.048587,41.022437,40.55797,40.708598,40.3,30.378128
101,37.138401,37.104068,37.201776,37.331522,37.189653,37.267632,36.941202,37.481673,37.348221,40.565116,40.545695,41.004902,40.978828,40.599502,40.691984,40.3,31.295248
101.25,37.111372,37.084325,37.18198,37.308673,37.166808,37.284259,36.938084,37.427603,37.346143,40.556806,40.541539,41.034025,41.009977,40.592234,40.720021,40.3,31.639168
101.5,37.103055,37.085364,37.20386,37.313866,37.202114,37.237495,36.938084,37.423444,37.335754,40.540187,40.53115,41.08915,41.019322,40.566276,40.75325,40.3,31.639168
101.75,37.106174,37.062504,37.193441,37.28894,37.183422,37.289455,36.944319,37.447359,37.357571,40.619128,40.570628,41.056907,41.046318,40.622345,40.736635,40.3,31.180608
102,37.155035,37.110302,37.248661,37.353333,37.27584,37.29673,36.975495,37.474394,37.388738,40.606664,40.602834,41.062108,41.03282,40.629613,40.706522,40.3,31.295248
102.25,37.227807,37.152905,37.271583,37.374105,37.257149,37.318553,36.984848,37.499349,37.407438,40.564077,40.586212,41.050667,41.046318,40.601579,40.697176,40.3,31.753808
102.5,37.19246,37.161218,37.277834,37.374105,37.257149,37.329984,36.99524,37.49415,37.402244,40.550574,40.591406,41.048587,41.035935,40.566276,40.688869,40.3,31.065968
102.75,37.200777,37.154983,37.244494,37.379298,37.251957,37.332062,36.984848,37.49415,37.402244,40.55369,40.556084,41.034025,41.007901,40.593272,40.715867,40.3,31.065968
103,37.209094,37.183039,37.283044,37.393838,37.265456,37.343494,36.976534,37.491031,37.399127,40.539148,40.561278,41.018424,40.992326,40.581851,40.710675,40.3,31.180608
103.25,37.197658,37.166414,37.269499,37.431228,37.248842,37.326866,36.968221,37.512867,37.404322,40.612896,40.59764,41.010103,40.986097,40.628574,40.667062,40.3,31.180608
103.5,37.266272,37.166414,37.234075,37.404224,37.255072,37.346611,36.99524,37.49727,37.382505,40.488252,40.537384,41.006983,40.970522,40.549664,40.640064,40.3,31.180608
103.75,37.184144,37.187196,37.246577,37.368912,37.25611,37.346611,36.980691,37.501429,37.399127,40.5298,40.550889,40.988261,40.940411,40.575621,40.646294,40.3,31.065968
104,37.14152,37.117576,37.229907,37.366835,37.231189,37.32167,36.985887,37.554459,37.439644,40.5298,40.560239,40.994501,41.033858,40.60677,40.711714,40.3,30.951328
104.25,37.136322,37.139397,37.224698,37.35541,37.245726,37.338298,37.004593,37.556538,37.431333,40.543303,40.570628,41.063148,41.04528,40.614038,40.722098,40.3,30.378128
104.5,37.146718,37.117576,37.226781,37.366835,37.267533,37.368434,36.999397,37.529503,37.447956,40.635747,40.582056,41.068348,41.077467,40.650379,40.770902,40.3,30.951328
104.75,37.158154,37.125889,37.248661,37.366835,37.25611,37.353886,37.010828,37.507668,37.426139,40.586928,40.576862,41.08499,41.055663,40.62546,40.716906,40.3,31.180608
105,37.151916,37.122771,37.251787,37.360603,37.26961,37.353886,36.994201,37.510787,37.442761,40.592122,40.585173,41.056907,41.050471,40.633766,40.747019,40.3,31.409888
105.25,37.143599,37.13628,37.229907,37.399031,37.234304,37.332062,36.997318,37.537822,37.437567,40.600432,40.592445,41.043386,41.052548,40.620268,40.760518,40.3,31.524528
105.5,37.151916,37.129006,37.251787,37.382414,37.229112,37.353886,37.002514,37.475434,37.431333,40.504871,40.557123,41.065228,41.050471,40.554855,40.757403,40.3,31.524528
105.75,37.293302,37.244346,37.342432,37.463424,37.322568,37.416238,37.052396,37.566936,37.45315,40.544342,40.593484,41.066268,41.034897,40.598464,40.731443,40.3,30.951328
106,37.24652,37.220447,37.328888,37.44473,37.332952,37.421434,37.019142,37.59709,37.485356,40.593161,40.604912,41.08915,41.074352,40.614038,40.717944,40.3,31.180608
106.25,37.249638,37.21629,37.327846,37.461347,37.324645,37.46508,37.049278,37.587732,37.485356,40.66587,40.622573,41.08811,41.053586,40.628574,40.771941,40.3,30.492768
106.5,37.217411,37.206938,37.311175,37.439537,37.331914,37.394414,37.061749,37.60021,37.515484,40.624322,40.622573,41.114113,41.079544,40.676336,40.794786,40.3,30.722048
106.75,37.227807,37.206938,37.316385,37.458231,37.318414,37.421434,37.07318,37.605409,37.501978,40.607702,40.614262,41.124514,41.060854,40.67426,40.749096,40.3,30.378128
107,37.225728,37.198626,37.31951,37.409417,37.335029,37.432865,37.075258,37.593971,37.496784,40.592122,40.619457,41.105792,41.082658,40.64934,40.762595,40.3,30.492768
107.25,37.233005,37.206938,37.327846,37.44473,37.326722,37.421434,37.064866,37.59709,37.515484,40.616012,40.61634,41.08083,41.060854,40.676336,40.772979,40.3,30.607408
107.5,37.222609,37.203821,37.32472,37.453038,37.337106,37.416238,37.064866,37.630364,37.488473,40.687682,40.636079,41.08915,41.096156,40.682566,40.735597,40.3,30.951328
107.75,37.227807,37.247463,37.336181,37.463424,37.343336,37.414159,37.088768,37.610608,37.523795,40.570309,40.609068,41.097471,41.076429,40.592234,40.75948,40.3,31.065968
108,37.241322,37.206938,37.322636,37.447845,37.315299,37.397532,37.080454,37.613727,37.474967,40.580696,40.59764,41.110993,41.027629,40.567315,40.71379,40.3,30.836688
108.25,37.241322,37.201743,37.327846,37.46654,37.326722,37.427669,37.066945,37.610608,37.51029,40.570309,40.600757,41.058988,41.03905,40.64934,40.743904,40.3,31.180608
108.5,37.257955,37.203821,37.3466,37.447845,37.345413,37.432865,37.070062,37.59709,37.493667,40.594199,40.609068,41.056907,41.054624,40.696064,40.75948,40.3,30.951328
108.75,37.239242,37.201743,37.330971,37.469656,37.345413,37.411042,37.061749,37.605409,37.505095,40.607702,40.611146,41.08915,41.069161,40.610923,40.724174,40.3,30.607408
109,37.249638,37.206938,37.338265,37.456154,37.362027,37.432865,37.08669,37.613727,37.526912,40.575503,40.587251,41.067308,41.03905,40.614038,40.737674,40.3,31.180608
109.25,37.24444,37.225642,37.32472,37.461347,37.331914,37.438061,37.07318,37.630364,37.515484,40.501755,40.57894,41.026744,40.975714,40.602617,40.70756,40.3,31.524528
109.5,37.241322,37.212134,37.338265,37.463424,37.345413,37.427669,37.07318,37.640762,37.493667,40.54538,40.548812,41.037145,41.000633,40.597425,40.700291,40.3,31.295248
109.75,37.269391,37.220447,37.322636,37.453038,37.367219,37.45157,37.122022,37.605409,37.507173,40.562,40.559201,41.062108,41.019322,40.614038,40.70756,40.3,30.607408
110,37.257955,37.236033,37.340348,37.479003,37.356835,37.454688,37.057592,37.623085,37.514445,40.64198,40.590368,41.074589,41.023475,40.666992,40.72729,40.3,30.263488
110.25,37.287064,37.255776,37.383066,37.498737,37.371373,37.45157,37.104356,37.654279,37.52899,40.581735,40.576862,41.062108,41.030743,40.594311,40.68783,40.3,30.492768
110.5,37.357757,37.335787,37.410156,37.538204,37.402525,37.470276,37.115787,37.666757,37.51964,40.593161,40.602834,41.018424,41.002709,40.571468,40.715867,40.3,30.836688
110.75,37.352559,37.295262,37.421617,37.598442,37.412909,37.47859,37.118905,37.666757,37.554962,40.579658,40.59764,41.018424,40.992326,40.601579,40.718982,40.3,31.409888
111,37.360876,37.319161,37.421617,37.546512,37.416024,37.492099,37.127218,37.666757,37.535223,40.579658,40.554006,41.040266,41.002709,40.582889,40.71379,40.3,31.409888
111.25,37.382707,37.361764,37.484131,37.550667,37.433677,37.497295,37.133454,37.667797,37.550807,40.514219,40.560239,41.024664,41.006863,40.567315,40.711714,40.3,30.378128
111.5,37.369192,37.330591,37.433078,37.561053,37.426408,37.500413,37.142806,37.698991,37.54769,40.572387,40.590368,41.036105,41.042165,40.631689,40.769864,40.3,30.722048
111.75,37.379588,37.359686,37.44558,37.573516,37.43783,37.508726,37.149042,37.682354,37.578857,40.527723,40.559201,41.006983,41.024514,40.538242,40.697176,40.3,30.951328
112,37.330727,37.312927,37.422659,37.539242,37.429523,37.519118,37.176061,37.706269,37.599635,40.566154,40.63504,41.077709,41.024514,40.654532,40.737674,40.3,30.607408
112.25,37.35048,37.304614,37.422659,37.539242,37.424331,37.508726,37.172943,37.711468,37.586129,40.572387,40.618418,41.094351,41.041126,40.686719,40.73975,40.3,30.722048
112.5,37.344242,37.307731,37.409114,37.55586,37.448214,37.525354,37.129297,37.708349,37.583013,40.574464,40.594523,41.015303,41.056701,40.589119,40.748058,40.3,30.722048
112.75,37.352559,37.304614,37.439329,37.558976,37.429523,37.522236,37.154238,37.721866,37.579896,40.634709,40.61634,41.064188,41.046318,40.634804,40.737674,40.3,30.378128
113,37.352559,37.307731,37.436203,37.567284,37.426408,37.522236,37.154238,37.706269,37.591324,40.596277,40.591406,41.047546,41.03282,40.641034,40.721059,40.3,30.607408
113.25,37.358796,37.315005,37.436203,37.567284,37.434715,37.513922,37.167747,37.713548,37.591324,40.574464,40.599718,41.064188,41.029705,40.604694,40.726251,40.3,30.951328
113.5,37.366074,37.334748,37.414323,37.534049,37.448214,37.522236,37.181257,37.719787,37.586129,40.648212,40.602834,41.055867,41.049433,40.659723,40.73975,40.3,30.607408
113.75,37.347361,37.315005,37.466418,37.561053,37.443022,37.522236,37.16463,37.735384,37.591324,40.596277,40.594523,41.08291,41.043203,40.634804,40.721059,40.3,30.263488
114,37.347361,37.277597,37.441413,37.558976,37.448214,37.527432,37.172943,37.708349,37.586129,40.604586,40.613223,41.072509,41.068122,40.607808,40.769864,40.3,30.607408
114.25,37.352559,37.312927,37.441413,37.569362,37.43783,37.538863,37.104356,37.728105,37.601713,40.57758,40.542578,41.025704,41.024514,40.586004,40.742866,40.3,31.295248
114.5,37.344242,37.321239,37.430994,37.575593,37.454445,37.522236,37.181257,37.746822,37.629763,40.57758,40.581017,41.009063,40.980905,40.607808,40.674331,40.3,31.180608
114.75,37.358796,37.323318,37.441413,37.567284,37.491827,37.53055,37.167747,37.749941,37.604829,40.503832,40.564395,40.973699,40.947679,40.575621,40.663947,40.3,31.180608
115,37.360876,37.326435,37.449748,37.575593,37.464829,37.522236,37.176061,37.724986,37.601713,40.580696,40.574784,41.009063,41.011016,40.577698,40.690946,40.3,30.951328
115.25,37.355678,37.304614,37.449748,37.57767,37.456522,37.544059,37.184374,37.741623,37.601713,40.591083,40.577901,41.028825,40.969484,40.613,40.724174,40.3,30.607408
115.5,37.40142,37.354491,37.461209,37.616099,37.447176,37.560686,37.187492,37.750981,37.599635,40.582774,40.583095,41.019464,40.979867,40.636881,40.66187,40.3,30.378128
115.75,37.436766,37.383585,37.506011,37.630639,37.491827,37.58147,37.211394,37.760339,37.617296,40.592122,40.581017,41.008023,40.97156,40.591196,40.690946,40.3,31.639168
116,37.490826,37.481261,37.544561,37.663874,37.531286,37.58147,37.214511,37.770737,37.627685,40.58589,40.623612,41.022584,40.959101,40.552779,40.656678,40.3,31.524528
116.25,37.490826,37.434501,37.535184,37.685685,37.522979,37.60849,37.236334,37.784254,37.645347,40.565116,40.592445,41.032985,40.995441,40.552779,40.653563,40.3,31.295248
116.5,37.586469,37.437619,37.560189,37.677376,37.531286,37.619921,37.239452,37.792573,37.637035,40.548497,40.575823,41.056907,41.006863,40.539281,40.703406,40.3,31.180608
116.75,37.485628,37.437619,37.562273,37.675299,37.553093,37.619921,37.249844,37.800891,37.637035,40.595238,40.57894,41.060028,41.044241,40.621306,40.705483,40.3,31.065968
117,37.512657,37.442814,37.55498,37.661797,37.553093,37.611607,37.247766,37.795692,37.634958,40.556806,40.570628,41.032985,40.987135,40.550702,40.700291,40.3,31.295248
117.25,37.537608,37.464635,37.568525,37.693994,37.536478,37.628234,37.258158,37.795692,37.620413,40.534993,40.568551,41.029865,40.998556,40.596387,40.708598,40.3,31.180608
117.5,37.496024,37.453205,37.551854,37.688801,37.533363,37.628234,37.256079,37.80921,37.67028,40.523568,40.5405,41.011143,40.987135,40.572506,40.670178,40.3,31.753808
117.75,37.499142,37.472948,37.565399,37.677376,37.549978,37.630313,37.236334,37.752021,37.645347,40.516297,40.565434,41.004902,40.968445,40.550702,40.678485,40.3,30.607408
118,37.509538,37.466713,37.568525,37.697109,37.566592,37.628234,37.222825,37.80921,37.64223,40.556806,40.587251,41.002822,40.973637,40.552779,40.683677,40.3,30.722048
118.25,37.512657,37.469831,37.573734,37.683608,37.553093,37.584588,37.261275,37.800891,37.645347,40.518374,40.538423,40.98306,40.93522,40.542396,40.626565,40.3,30.722048
118.5,37.517855,37.469831,37.568525,37.697109,37.54167,37.59498,37.222825,37.811289,37.631841,40.52149,40.551928,40.97786,40.965331,40.490481,40.640064,40.3,30.836688
118.75,37.523053,37.464635,37.570608,37.707495,37.549978,37.630313,37.244648,37.804011,37.640152,40.516297,40.548812,40.986181,40.976752,40.50917,40.62968,40.3,30.378128
119,37.529291,37.464635,37.570608,37.697109,37.568669,37.64694,37.266471,37.80609,37.645347,40.543303,40.551928,40.945617,40.954948,40.552779,40.656678,40.3,30.607408
119.25,37.520974,37.461518,37.569566,37.639986,37.574899,37.630313,37.239452,37.831045,37.666125,40.530839,40.552967,40.965379,40.937296,40.547587,40.616181,40.3,30.836688
119.5,37.468994,37.438658,37.507052,37.680492,37.553093,37.638626,37.269589,37.840404,37.68898,40.634709,40.58829,41.004902,40.992326,40.603655,40.670178,40.3,30.836688
119.75,37.458598,37.430345,37.552896,37.688801,37.553093,37.630313,37.256079,37.823767,37.67028,40.478904,40.541539,40.98306,40.940411,40.565238,40.656678,40.3,30.722048
120,37.458598,37.434501,37.537268,37.678415,37.52921,37.638626,37.262314,37.85808,37.68898,40.579658,40.591406,41.003862,40.966369,40.591196,40.660832,40.3,30.722048
120.25,37.4534,37.432423,37.550812,37.672183,37.543747,37.641744,37.284138,37.846642,37.664047,40.546419,40.613223,41.017384,40.991288,40.579774,40.684715,40.3,30.836688
120.5,37.477311,37.42411,37.542477,37.664913,37.56763,37.64694,37.275824,37.839364,37.683786,40.522529,40.528034,41.019464,40.974675,40.525783,40.711714,40.3,30.607408
120.75,37.461717,37.420993,37.553938,37.680492,37.557246,37.641744,37.275824,37.849762,37.68898,40.539148,40.555045,41.032985,40.979867,40.571468,40.723136,40.3,30.836688
121,37.50434,37.461518,37.584153,37.729306,37.596706,37.668763,37.29349,37.86016,37.694175,40.564077,40.550889,41.044426,41.009977,40.569391,40.710675,40.3,30.836688
121.25,37.55632,37.525942,37.624787,37.773966,37.626819,37.695782,37.321549,37.889274,37.708719,40.607702,40.603873,41.093311,41.048395,40.608847,40.758442,40.3,31.295248
121.5,37.605182,37.534255,37.641458,37.775004,37.650702,37.731115,37.334019,37.906951,37.734692,40.605625,40.599718,41.067308,41.03282,40.593272,40.72729,40.3,30.722048
121.75,37.593746,37.553998,37.644583,37.794738,37.647587,37.714488,37.342333,37.903831,37.729497,40.612896,40.605951,41.067308,41.011016,40.628574,40.737674,40.3,31.639168
122,37.602063,37.564389,37.663337,37.789545,37.647587,37.719684,37.331941,37.906951,37.751314,40.634709,40.627768,41.072509,41.046318,40.615077,40.749096,40.4,31.541724
122.25,37.590627,37.550881,37.668547,37.799931,37.664202,37.719684,37.34545,37.906951,37.715992,40.624322,40.629846,41.075629,41.049433,40.648302,40.745981,40.4,31.083164
122.5,37.61038,37.550881,37.680008,37.805124,37.664202,37.722802,37.361038,37.930866,37.732614,40.64925,40.614262,41.064188,41.022437,40.634804,40.743904,40.4,30.968524
122.75,37.615578,37.534255,37.663337,37.789545,37.655894,37.731115,37.412998,37.930866,37.794948,40.602509,40.608029,41.045466,41.022437,40.596387,40.735597,40.4,30.968524
123,37.620776,37.564389,37.655002,37.799931,37.650702,37.725919,37.34545,37.895513,37.754431,40.700147,40.632962,41.050667,41.019322,40.631689,40.702368,40.4,31.312444
123.25,37.61038,37.562311,37.673756,37.791622,37.657971,37.731115,37.312196,37.933986,37.748198,40.602509,40.614262,41.053787,41.002709,40.582889,40.702368,40.4,31.312444
123.5,37.61038,37.577897,37.676882,37.811355,37.721314,37.736311,37.35896,37.939185,37.737809,40.583812,40.614262,41.028825,41.011016,40.593272,40.699253,40.4,31.197804
123.75,37.598944,37.559193,37.67584,37.803047,37.672509,37.739429,37.353764,37.930866,37.744042,40.586928,40.610107,41.049627,40.982982,40.541357,40.691984,40.4,31.312444
124,37.586469,37.545685,37.661254,37.786429,37.669394,37.731115,37.347529,37.920468,37.751314,40.651328,40.619457,41.043386,41.02036,40.650379,40.729366,40.4,31.197804
124.25,37.559439,37.502043,37.65917,37.761503,37.654856,37.747742,37.37143,37.958941,37.773131,40.647173,40.628807,41.056907,41.025552,40.636881,40.700291,40.4,31.197804
124.5,37.553202,37.526981,37.63208,37.791622,37.678739,37.752938,37.38494,37.944384,37.778326,40.584851,40.609068,41.016343,40.951833,40.579774,40.6816,40.4,31.197804
124.75,37.553202,37.523864,37.650835,37.813433,37.66524,37.747742,37.37143,37.952702,37.788715,40.546419,40.568551,40.97786,40.946641,40.568353,40.673293,40.4,31.541724
125,37.517855,37.535294,37.648751,37.794738,37.668355,37.749821,37.378705,37.955821,37.781442,40.524606,40.582056,40.972659,40.976752,40.549664,40.654602,40.4,31.312444
125.25,37.564637,37.532177,37.65396,37.803047,37.660048,37.766448,37.387018,37.977657,37.78352,40.52149,40.590368,40.947697,40.951833,40.55174,40.659794,40.3,30.722048
125.5,37.566716,37.535294,37.635206,37.803047,37.673547,37.752938,37.390136,37.96102,37.800143,40.565116,40.576862,40.962258,40.930028,40.543434,40.648371,40.3,30.836688
125.75,37.55632,37.532177,37.65917,37.803047,37.678739,37.791389,37.38494,37.955821,37.781442,40.526684,40.57894,40.999702,40.960139,40.576659,40.6816,40.3,30.951328
126,37.572954,37.543607,37.657086,37.794738,37.692238,37.747742,37.363117,37.96102,37.800143,40.586928,40.590368,40.997622,40.985058,40.617153,40.6816,40.3,30.263488
126.25,37.575033,37.55192,37.657086,37.789545,37.678739,37.774762,37.381822,37.955821,37.770015,40.559922,40.571667,40.967459,40.949756,40.628574,40.648371,40.3,30.836688
126.5,37.6083,37.57478,37.672715,37.838359,37.701584,37.774762,37.421312,37.983896,37.80222,40.590045,40.60699,41.020504,40.953909,40.599502,40.620334,40.3,30.951328
126.75,37.632211,37.589327,37.710223,37.851861,37.696392,37.788271,37.388058,37.999493,37.800143,40.566154,40.602834,40.994501,40.976752,40.533051,40.672254,40.3,31.409888
127,37.691468,37.656869,37.738354,37.887173,37.748312,37.833996,37.443135,38.01509,37.806376,40.603548,40.598679,41.035065,40.968445,40.617153,40.674331,40.3,31.065968
127.25,37.710181,37.656869,37.767527,37.907945,37.740005,37.817369,37.458723,38.009891,37.839621,40.635747,40.62569,40.999702,40.963254,40.60054,40.704445,40.3,31.180608
127.5,37.699785,37.658947,37.748773,37.894443,37.759734,37.825682,37.457684,38.032767,37.851049,40.632631,40.65374,41.006983,40.99648,40.609885,40.683677,40.3,31.180608
127.75,37.667558,37.630891,37.739396,37.891328,37.759734,37.847506,37.443135,38.041085,37.846893,40.606664,40.631924,41.019464,40.986097,40.636881,40.691984,40.3,31.065968
128,37.648845,37.629852,37.721684,37.897559,37.765965,37.820486,37.44937,38.048364,37.829232,40.610819,40.632962,41.004902,40.987135,40.622345,40.705483,40.3,31.409888
128.25,37.650924,37.621539,37.740438,37.892366,37.771157,37.837114,37.419234,38.053563,37.85936,40.54538,40.622573,41.001782,40.968445,40.583928,40.683677,40.3,31.295248
128.5,37.664439,37.624657,37.726893,37.884057,37.746235,37.806977,37.474311,38.033806,37.867671,40.567193,40.622573,41.018424,40.987135,40.595349,40.740789,40.3,30.492768
128.75,37.605182,37.632969,37.743564,37.880942,37.732736,37.839192,37.46288,38.050443,37.856243,40.644057,40.630885,41.013223,40.987135,40.62546,40.71379,40.3,30.378128
129,37.659241,37.627774,37.730019,37.88925,37.759734,37.845427,37.474311,38.045244,37.856243,40.617051,40.64439,40.974739,40.962216,40.595349,40.653563,40.3,30.607408
129.25,37.66236,37.621539,37.726893,37.897559,37.759734,37.837114,37.479507,38.028607,37.875982,40.551613,40.587251,41.092271,40.99025,40.583928,40.697176,40.3,31.065968
129.5,37.659241,37.64336,37.740438,37.905868,37.765965,37.850623,37.465998,38.055642,37.848971,40.597315,40.614262,40.993461,40.960139,40.614038,40.678485,40.3,30.722048
129.75,37.670676,37.632969,37.735229,37.902752,37.759734,37.839192,37.468076,38.048364,37.862477,40.583812,40.614262,40.969539,40.951833,40.581851,40.688869,40.3,30.378128
130,37.672756,37.619461,37.740438,37.895482,37.765965,37.845427,37.465998,38.058762,37.867671,40.622244,40.605951,40.97786,40.970522,40.627536,40.664986,40.3,31.409888
130.25,37.664439,37.638165,37.738354,37.902752,37.776349,37.845427,37.465998,38.053563,37.864554,40.570309,40.602834,40.991381,40.940411,40.581851,40.66187,40.3,30.836688
130.5,37.675874,37.613227,37.748773,37.905868,37.779464,37.872446,37.479507,38.06708,37.862477,40.54538,40.592445,40.986181,40.965331,40.556932,40.640064,40.3,30.836688
130.75,37.665478,37.612188,37.730019,37.879903,37.767003,37.874525,37.482625,38.12011,37.85936,40.531877,40.579979,41.010103,40.965331,40.642072,40.684715,40.3,30.836688
131,37.632211,37.570623,37.727935,37.884057,37.771157,37.84231,37.491978,38.092035,37.885332,40.616012,40.602834,41.036105,40.982982,40.635843,40.718982,40.3,30.607408
131.25,37.566716,37.598679,37.723768,37.890289,37.770118,37.845427,37.484703,38.073319,37.904033,40.576541,40.59764,41.034025,40.994403,40.623383,40.730405,40.3,30.722048
131.5,37.63533,37.60907,37.7196,37.886135,37.767003,37.839192,37.493017,38.072279,37.907149,40.640941,40.601795,41.052747,40.985058,40.681528,40.706522,40.3,30.951328
131.75,37.670676,37.656869,37.766486,37.928717,37.759734,37.866211,37.507566,38.104513,37.921694,40.682489,40.62569,41.058988,41.022437,40.664915,40.710675,40.3,31.065968
132,37.694587,37.659986,37.766486,37.948451,37.81477,37.879721,37.532506,38.132587,37.916499,40.663792,40.650624,41.067308,41.044241,40.66803,40.688869,40.3,30.836688
